Random Forest_cumulative_mean,Random Forest_cumulative_std,Random Forest_cumulative_min,Random Forest_cumulative_max,Random Forest_cumulative_median,Gradient Boosting_cumulative_mean,Gradient Boosting_cumulative_std,Gradient Boosting_cumulative_min,Gradient Boosting_cumulative_max,Gradient Boosting_cumulative_median,Logistic Regression_cumulative_mean,Logistic Regression_cumulative_std,Logistic Regression_cumulative_min,Logistic Regression_cumulative_max,Logistic Regression_cumulative_median,VQE Classifier_cumulative_mean,VQE Classifier_cumulative_std,VQE Classifier_cumulative_min,VQE Classifier_cumulative_max,VQE Classifier_cumulative_median,QNN_cumulative_mean,QNN_cumulative_std,QNN_cumulative_min,QNN_cumulative_max,QNN_cumulative_median,QSVM_cumulative_mean,QSVM_cumulative_std,QSVM_cumulative_min,QSVM_cumulative_max,QSVM_cumulative_median,QASA Hybrid_cumulative_mean,QASA Hybrid_cumulative_std,QASA Hybrid_cumulative_min,QASA Hybrid_cumulative_max,QASA Hybrid_cumulative_median,QASA Sequence_cumulative_mean,QASA Sequence_cumulative_std,QASA Sequence_cumulative_min,QASA Sequence_cumulative_max,QASA Sequence_cumulative_median,QuantumRWKV_cumulative_mean,QuantumRWKV_cumulative_std,QuantumRWKV_cumulative_min,QuantumRWKV_cumulative_max,QuantumRWKV_cumulative_median,Transformer_cumulative_mean,Transformer_cumulative_std,Transformer_cumulative_min,Transformer_cumulative_max,Transformer_cumulative_median,date
-0.002183775070988525,0.006890369743623452,-0.010331525045749523,0.010162253893074347,-0.003537580397216522,-0.0038812894582087145,0.004813176289076236,-0.008940813085513755,0.004480741857098902,-0.003877328546216363,0.0007323111883251965,0.005854071363746005,-0.008309605070055515,0.0090463186009202,0.000737857083531468,0.00027892821736865694,0.003370189620269142,-0.005350412440977226,0.00418801744575803,0.0008099231135545448,0.00972083163950659,0.004274330353960416,0.004109328808967083,0.01680745449921428,0.010029464459385906,-0.006666869808942444,0.009016908185012355,-0.022679221946042882,0.0035805224332943197,-0.002843035738449573,-0.001625608796953748,0.0042643600456862595,-0.007030018715259323,0.0029719519697422037,0.001040228376489205,0.002103259958815151,0.0036356438826332968,-0.0025662181875303336,0.007547539213149657,0.0018268122978579715,-0.0015379487706569162,0.006007197212122951,-0.0073215611030830186,0.008137740565277385,-0.004884157070770612,0.007287410266556727,0.00602719590543684,-0.00133230905195858,0.015331655827570456,0.005799949820681105,2024-01-01
-0.008660491661409564,0.0076760722653415195,-0.022254685693406828,-0.00028518446732828107,-0.008706656452229455,-0.0034009819079266813,0.005863059010516748,-0.012531940803091612,0.0029161804872115393,-0.0021490528063090597,0.002213222559320571,0.006387169034393966,-0.0075657675038532934,0.011388778020536616,0.0023619167775892347,0.0004342132431244705,0.003415182632292226,-0.006251775898792666,0.002979457448362588,0.0017484223852461955,0.007775476143468208,0.012348713619178647,-0.009393010793966594,0.028691903841389532,0.00458947167336321,-0.008606045629594328,0.00967815121626303,-0.021653060681563252,4.8662459635639976e-05,-0.0013016130585390417,0.0003527164257633553,0.005761517564814373,-0.005976870194326467,0.008398316909389969,-0.0015838209502675449,0.0019656900364365404,0.005118238293180104,-0.007570466224564032,0.0077870404248256975,0.0033174936500732777,0.005973103988606843,0.009537859114803785,-0.009986374098892359,0.014353470157116854,0.01153333470079465,0.012019987957707489,0.010418179643409657,-0.00025264870168306697,0.024677326426342683,0.012461048959062637,2024-01-02
-0.0014486612062945658,0.012109785527839846,-0.01907454817232701,0.01599859018729788,-0.0037069816429697866,0.00022320046799437777,0.013317059156777868,-0.018177772198183506,0.021291253003669297,0.002514270782663308,0.001141886230090594,0.0069192198152337285,-0.009393016729830173,0.011802119170857939,0.0020154380106449654,0.008642520037048084,0.0038366510636849947,0.0019937293165543934,0.013099349862179643,0.009324170309552793,0.008223724365622664,0.0182937025160028,-0.014220755344890978,0.04038285879710135,0.00495608522568336,-0.005481146253274183,0.012327922053475701,-0.018811920885586475,0.01685237335200096,-0.011060588531956683,0.0012706265733821054,0.004903934689298859,-0.0031886716635823875,0.01033978755720244,0.0005363673083280673,0.003284297703543304,0.009610006872507914,-0.01412708099641291,0.014911248851682712,0.005142988701440698,0.009657041040380477,0.009468458888681572,-0.0019232920011448273,0.025507322126109955,0.0087047171396879,0.018147373615629014,0.006130802867824673,0.009164171995069026,0.02472445241837873,0.02093780246502419,2024-01-03
-0.0035754640371058245,0.016868831514021052,-0.020683256782170423,0.02284579715503421,-0.007693065643145758,-0.003308842673289325,0.025101089620097383,-0.03871083717661883,0.03037445548923734,0.0050975280477949525,-0.0012654288964078608,0.006305208836931307,-0.009120978150824133,0.00925897589378133,-0.0011935644076137564,0.004928272392803667,0.00882217151764911,-0.0032800968134217845,0.020545149526014717,0.0025893229780789007,0.0115225023778458,0.015295291866824955,-0.00733807844128509,0.036624408175491174,0.014460042937751272,-0.003543258343891087,0.011229872248110407,-0.024451201050275095,0.008671392400967592,-0.0021693598030160244,0.00013691521619700885,0.01116482649173838,-0.014807561880575304,0.018626528076987947,-0.003458336104896542,0.00355480371783623,0.01242164806912937,-0.012478390376551296,0.02532204100033897,0.000834272003936487,0.011993727311794333,0.010821928040652322,-0.004089451373857966,0.027442241091091057,0.01485041716213864,0.025781563511645268,0.009478346548006646,0.009062037873789786,0.037895726202221036,0.028899762294121834,2024-01-04
-0.0025539696177488747,0.019798350265814526,-0.021568301284840663,0.03312532064186002,-0.013755957947727215,-0.00067773527798356,0.0339783064467523,-0.05284025249750979,0.04933909244460999,0.003391980149171747,-0.005073146442620002,0.006616810860208827,-0.016076854399346363,0.002397578512708387,-0.002949532448807801,0.006368226823800472,0.014454843779994278,-0.0200978025683638,0.02183310911972236,0.008673054747843523,0.007351263554614751,0.022743762264152444,-0.026573438859392007,0.0405184645553196,0.00036148904261756876,-0.012664232753223103,0.01386094674598781,-0.038138508961233386,-0.0009800478351701392,-0.005419534024019734,0.006051913433381073,0.016872067278756644,-0.018946423359701425,0.03175687296878804,0.006918145446508817,0.004229505664507682,0.016149838954705047,-0.014671798737875719,0.02677774847088421,-0.00022465388894343796,0.01061748747089548,0.011346932404710689,0.00014228373350833046,0.03197667261311854,0.006335647245529152,0.02400474306955196,0.02126985750394641,-0.012391967508321167,0.05252011222901287,0.028683277103145555,2024-01-05
-0.0011965422226640544,0.014650598815051749,-0.012657676115394922,0.02651327992636321,-0.010039708093344979,0.0029811624302843232,0.03443983178135588,-0.04758584948660527,0.05155514674667616,0.012039049674677393,-0.009174747643453784,0.010050695793152683,-0.021947413907038027,0.002166242953788089,-0.004721489915606725,0.0006418310190666298,0.015474465629348313,-0.021731952049871883,0.022686150616319622,-0.004035628193565843,0.004992269011023476,0.022031966853308608,-0.02095478092037606,0.04174658093569361,-0.004344601143284943,-0.011039519057383696,0.019734161717912868,-0.04865348504758005,0.009325682245051592,-0.004797608058216052,0.0059116604081909776,0.022674529971844954,-0.023654670196532224,0.04331382562876929,0.0077317126125096,0.0044307221282516625,0.011332187657139023,-0.011655626408393127,0.016512755164228565,0.008791990467797328,0.010247560463520022,0.015467978994014754,-0.004986285503614241,0.03886381142340967,0.0028517812074049242,0.02158531904929084,0.02144568497894125,-0.008352833363236667,0.051712952650622146,0.027441960270438104,2024-01-08
0.004908031007851243,0.01746905797395376,-0.012177496698958512,0.029315839053261517,-0.006225520136754703,-0.0015366881053889391,0.03596876574333828,-0.0630895402307331,0.04454277210096924,-0.0023236883119163165,-0.0012508427168886672,0.008199921986484211,-0.013933138475755835,0.009129827229574783,0.002722982933275775,-0.00961436003106848,0.016680912482138956,-0.03251370324989267,0.0172889241783325,-0.006566049573685451,0.0063230378335543454,0.026277200059734954,-0.025567681719607882,0.046971833262417384,0.014492230253802862,-0.012057046308879849,0.013356291433961396,-0.03842311410934296,-0.0024581494408651983,-0.007737917198851529,0.006385269178295849,0.030628380734136647,-0.026074863885893418,0.0636572292337354,-0.0030086470971828483,0.004377841952716866,0.009797179218780417,-0.007893029323493339,0.015920262654251616,0.005184389028180636,0.013227303841283077,0.011538977811566454,0.001737469808910097,0.032851901521410376,0.009138239748705423,0.027292185544685533,0.020790210956701125,0.0007140760379145128,0.05441289870413457,0.034191138970878,2024-01-09
0.006086689666104128,0.023964851169349127,-0.023658216925682596,0.04662227259167362,0.001942121069981484,-0.009957235108342876,0.04053259240284792,-0.06981291734580031,0.05094950217705785,-0.011888809959184732,-0.0013917993834249077,0.0082961081975673,-0.014939499548589086,0.009470980778722105,0.0005594116671401306,-0.00879382278784908,0.01765015888302821,-0.03483801458709923,0.018981930158468385,-0.013309179294702655,0.002159897791362586,0.023498207037970533,-0.028767795580594835,0.03487999339833103,0.007837666481512073,-0.003135853850272663,0.015694204183751437,-0.028613792606548616,0.01798796174249917,-0.001541608643193082,0.009939804704495847,0.03454346060524896,-0.02290338565173544,0.07253761679003756,-0.006330688863282363,0.005017820585091415,0.01200837635908925,-0.010274359940308009,0.020676191641249453,0.0033300544762557838,0.014666649613079886,0.012197363381401441,-0.004411471556524216,0.03248017035066186,0.012238174757230214,0.026404154945464397,0.02701404493617653,-0.006810500589767066,0.06076778702355079,0.037924552063688166,2024-01-10
0.002100754061301169,0.016373993100706506,-0.02046633818286203,0.030648191303767724,-0.0006541102071123683,-0.010153532640584672,0.042479418769291136,-0.07226557215915963,0.055102796141659915,-0.008973412577400697,-0.0006505365699747134,0.004962675124230902,-0.007731887275782445,0.006418594063386296,0.0002955757602631781,-0.007939434840785898,0.016455574214200883,-0.03459941488101914,0.01162373174236242,-0.004632920356541836,-0.0002501172927337203,0.03694266168115375,-0.05191185728623693,0.0470796411804304,0.012727255082192634,-0.0021782732072368914,0.016240527215452705,-0.022371030623847266,0.019492645275687837,0.001174059991194465,0.01140992977065578,0.03455481934945066,-0.023659128652194106,0.07370913678703928,-0.00012660363981764622,0.008557973744451464,0.014106917718662763,-0.012094239692720277,0.027637725261618673,0.004602044728762467,0.017134538564199886,0.011008854621396818,0.0011677900533570984,0.028396993694500328,0.022010899250064497,0.018084374312201577,0.026006186776768418,-0.01453902312483013,0.056050289010293186,0.01731743956536569,2024-01-11
-0.0003625518534396743,0.014380866515734524,-0.02337277008777583,0.022087162986102804,-0.00028563751926924397,-0.018132902633685367,0.046014959514652606,-0.08184008712993551,0.05090134354559073,-0.014386331043704681,6.316362168625744e-05,0.007965101339684259,-0.00816711893372657,0.014801241370204776,-0.0014413278938179008,-0.0065416200779049305,0.018983196128811327,-0.03241278790108593,0.02328233405973945,-0.00374414601806905,-0.008903670900324822,0.035670140823752555,-0.07571112075058728,0.02216971783720534,0.0033636991092207413,-0.0020126573097357216,0.019241231333383905,-0.024125024846331056,0.030842180375926453,-0.006311237716278839,0.013533775871437692,0.03672467236838294,-0.023293329138795116,0.08140829674614736,-0.0005497758106605133,0.012566334164851511,0.017159244391351407,-0.008583840943917842,0.04265820364820194,0.008549219377566697,0.01943234499134494,0.014857028813928065,0.0010622374445701244,0.037812249880316395,0.02636899835115747,0.025852080863457295,0.02649175382407173,-0.0065252808228277726,0.058862654684599836,0.014908785061191976,2024-01-12
0.009553341572524143,0.013026733764451973,-0.013761702723533054,0.02482991535146728,0.014957031861616121,-0.01760003083143724,0.05003167712237391,-0.0977432259882064,0.04729288743515636,0.0012316016121560747,0.003460194480693435,0.01248142466245192,-0.01416805000116228,0.024127426872790236,0.0036018360443337283,-0.004488229849302106,0.01707137941012665,-0.02995705595006759,0.017965208281557565,-0.0034797247364423134,-0.01296836945518134,0.047769550954802766,-0.08555132199716742,0.05007913424618948,-0.008156994500453818,0.0037508056923080567,0.011305878799701517,-0.012019305252614965,0.022181893629186433,0.005684855991327842,0.020492321379698274,0.038702858332670995,-0.016344356645426994,0.09339618591331611,0.005762149664537475,0.011695709984575208,0.01793041007356265,-0.010998628625871976,0.03873449088899883,0.012162167518725342,0.026728484710054356,0.013196433954524162,0.00916673681999658,0.047588023443250194,0.028258768121536715,0.023126221681741832,0.025086292452029882,-0.0070629078914923316,0.058129933130353306,0.012997782705722383,2024-01-15
0.004794450373854109,0.014325726883342028,-0.017726060664250864,0.025618885788727175,0.006925260743201989,-0.018718168922394817,0.05221319955727895,-0.0991799327877354,0.05778506955497176,-0.015584926325696857,0.005201212539697941,0.012716252917300505,-0.009287289425050638,0.022562023061372116,0.00768066831469727,-0.007211310229021639,0.01701158283966107,-0.038025805350071495,0.010860895953628491,-0.0049155460629456416,-0.01893230058232267,0.04665250502765666,-0.08648477577451663,0.0381929814847366,0.0007260286052725995,0.005719743565257796,0.02187730222171446,-0.0214456220508652,0.039627707617594154,0.0036979035027095986,0.018317684570944626,0.043898795036277284,-0.02764375223833715,0.0953682040975583,0.004526694300652112,0.008945534905040043,0.02057005851413436,-0.014425187178380816,0.042116200086851574,0.007800366002447268,0.028242454792042394,0.013234753157318138,0.008633565115197195,0.045300356950821685,0.02425212364059659,0.02454981789171886,0.021967363574613624,0.005362614152227607,0.06110532354570042,0.009739463207183885,2024-01-16
0.002723612372869222,0.017274973033913826,-0.01987237738703207,0.02413441990688492,-0.0027242098121891267,-0.0179060187914049,0.05155058023955887,-0.09469325350776325,0.05633988919426236,-0.006886691982456172,0.004013707779928377,0.015933852710531625,-0.017201103360977688,0.0260397107368604,0.007335380656158685,-0.013962187413094473,0.016274074254085707,-0.0403881905268384,0.004199128028814281,-0.017495303955452735,-0.01876940248867629,0.04493099625994618,-0.08422695756630527,0.037141915084744515,-0.003946851337706447,-0.000692588269801564,0.022556823867325087,-0.028870694076653547,0.03508730647797398,0.001015880784572376,0.022500684569380015,0.05004616139876822,-0.032529019517414826,0.11356520359660194,0.008955306859662171,0.006556561899989766,0.021787923861590466,-0.016140686870128484,0.045892785548994786,0.002856529718631151,0.023599293278318046,0.015370298237529246,0.006501913255403613,0.049498130655577066,0.020377323402619885,0.03220162061602951,0.023645738032381753,0.010884449754995362,0.07748791875040517,0.02135634003573128,2024-01-17
0.0004009752145804679,0.017298006186927003,-0.018984742237478813,0.020958544619247732,-0.005962617067004072,-0.01581036495665289,0.05327200466252389,-0.10164017227387001,0.04703051079873677,-0.0039855354801309195,0.006463538774438527,0.015391536158096018,-0.013900191255955097,0.022595826975045252,0.014562023599187235,-0.009935217186188816,0.015554448103417919,-0.033654003428590595,0.01157900680970303,-0.0063587099723662055,-0.017342045000254224,0.05436189424262304,-0.08628910202205409,0.05530421469805735,-0.03066843397069463,-0.004607966735221236,0.02000366556851437,-0.030008226759550616,0.02091522753750752,0.004891741531606764,0.025649362163668754,0.05517428710749371,-0.03043767844333134,0.1298388109596702,0.008620303436474464,0.005613614774495845,0.023765637012792214,-0.023135980110569943,0.04743700641283288,0.0031898215386165774,0.02300652719610885,0.019812841420214035,0.00024270019544259114,0.05376867253952988,0.02176691225057148,0.03357009146876573,0.02223617678325983,0.012748774892145542,0.07582643842650727,0.02333910732042299,2024-01-18
0.0029356048113161393,0.012452765863346977,-0.013334146477347097,0.018895592366427127,-0.002760932238640934,-0.013323017144230365,0.0530452428954676,-0.10410678881151603,0.04263424992136278,0.009564015635316725,0.007567397247249951,0.013576606000631774,-0.013644832362229686,0.024970851281724826,0.008846675750161292,-0.01532636967602281,0.021160967686562823,-0.04271317110153561,0.010589426137459945,-0.0035047984435202517,-0.01841684340308918,0.055622581020256204,-0.08628896786467344,0.05552347588950357,-0.03812826203434205,-0.007520447061916946,0.02028422299268916,-0.032174413423146864,0.017089594733457503,-0.0008776922817276267,0.022586366734906594,0.04886535205704075,-0.022394813390044788,0.11259570300326494,0.01995668416365004,0.00894960835418852,0.0241501570542743,-0.024066065453189123,0.049744212530117515,0.010958056816344541,0.020285607294808616,0.022179817029463183,-0.007116902129312819,0.05513384499299456,0.026419876361975625,0.04016072588489648,0.028493222616251618,0.01776493386385458,0.096364190392348,0.028617926956845174,2024-01-19
0.007508816221218018,0.014655385050295948,-0.004886428973763124,0.034914530736294136,0.0002506049079917805,-0.014152596186591593,0.05163143129812085,-0.10336713964020139,0.03704026977585895,0.0017654726410094579,0.004501998314554223,0.015262055693939127,-0.015024083680172384,0.02380972204559706,0.004092559499694559,-0.01229261064191305,0.03233542293291267,-0.06287592536208786,0.0288383440048694,-0.0009640785275629726,-0.02323895683378463,0.05772305713003747,-0.09168974038685729,0.051271152953164645,-0.04578770575476854,-0.005644586130525697,0.02087269136978275,-0.03161677214816816,0.024171992579141044,0.0029393675971243205,0.017720570960704896,0.043360422343760426,-0.025114548328479813,0.09598723383706576,0.016956603510005497,0.007502128316868029,0.024526342539788536,-0.020360547852964594,0.048092140381448045,0.0077011683329453184,0.021176937049263933,0.020995214429521195,-0.004987915560969669,0.05267161239610996,0.027184075480085168,0.040936949091266106,0.03223432567857315,0.015663026692510185,0.10366710213657448,0.031850013454823856,2024-01-22
0.0001480923224639774,0.02079573893811211,-0.023021856819086528,0.03016558132442393,-0.004569474036373755,-0.016725850118600106,0.05606879322173952,-0.11569560318929428,0.04732326356988148,-0.0011276461439522212,0.005497887617138231,0.017998310105131036,-0.014824985141016711,0.030473000103854675,0.006362066048370529,-0.0071913051594978405,0.026762254731179748,-0.03911191718573004,0.02385117746242993,0.0016510341394495587,-0.02947114221789864,0.04780320315865482,-0.10297935764138344,0.02552454429302098,-0.037068411044644534,-0.00795324875733261,0.020329060658705517,-0.03380994834122164,0.021991368615192908,-0.008306273345202952,0.020297186264042866,0.03926172122531832,-0.021450657485848734,0.08693211608884188,0.02011837713201392,0.01051544989653761,0.024818245387363012,-0.017791669438414592,0.052592017636341026,0.011365856440579636,0.023081837942507046,0.019765884713233227,-0.008397984104000833,0.04774596733088532,0.02319964812395514,0.043575635255907394,0.037322534424539845,0.018779738122652656,0.1179091135940118,0.027880890818948068,2024-01-23
0.001766875547134772,0.025854911539851616,-0.025223244207691287,0.04303947691109511,-0.008994642690325794,-0.011777592555531924,0.059167112251450125,-0.11506605674214321,0.04850782396182263,0.008919444690779876,0.008080760602500892,0.01933084062422715,-0.015552258581515321,0.03218886196137505,0.013536229915530162,-0.004996697240741366,0.02365585042341828,-0.03660270234284557,0.02109485810888434,0.00011473862963384818,-0.013472464631654902,0.05322182143775455,-0.08300306859839679,0.06921414037194462,-0.023230287933718063,-0.011289206977139176,0.02734988142363495,-0.04567660278983243,0.017767257879928833,-0.00020886175955092678,0.02111336404043096,0.044242331168649375,-0.026821034188798776,0.09990699072351883,0.017697840668919662,0.01198248851560908,0.02710293071592516,-0.024388945715623334,0.0497544407251711,0.020877201028951742,0.020089083813648358,0.018604410103218016,-0.0014236646973162514,0.05109111464153959,0.010291916826245862,0.03814133981304337,0.041402107999973736,0.0073748073701200845,0.11971758811610167,0.021066950244793103,2024-01-24
2.8434320193548856e-05,0.030747522952369113,-0.048105716477540916,0.034634281523662436,-0.007005023139317279,-0.004224765942476028,0.06295951278773694,-0.11292752077665125,0.058016127176852894,0.021482005634023693,0.004568507898673779,0.019268324032089595,-0.020494544664736214,0.025759618012912266,0.005570551096276688,-0.0007337190592312304,0.015856478034224162,-0.0248008258674417,0.016260996217299928,0.003168563883907405,-0.017017361980571088,0.06237905837926716,-0.09197033044897551,0.07887872461127254,-0.029701103075163382,-0.012223093145837338,0.03085578201494109,-0.058462021905065775,0.017063491781886597,0.006527867161427281,0.025258537539334668,0.04287549451079107,-0.01751031440079165,0.10215178115245371,0.024248863270100784,0.015323975295333669,0.025924927241870992,-0.02042453011484735,0.05198633043330214,0.02520862376573696,0.024400807180171746,0.016636219886038202,-0.0009384707840791595,0.051031523385982824,0.02334169061336433,0.046289245596971854,0.050127088544822784,0.014734716879115206,0.14627824865772632,0.022784732929791218,2024-01-25
-0.0025108066813250398,0.02406401093644083,-0.04765475837332711,0.017492194266322203,0.006261398789085604,-0.0013813315015965388,0.0628061427196177,-0.10614632459346052,0.05894039322309519,0.034264904620351144,0.0043787133304856955,0.026003715481351455,-0.03358455716970865,0.027980623961950224,0.02103784990255919,-0.004247100628679124,0.010128963777869877,-0.01935261441285585,0.010227040040193591,-0.004902544798028541,-0.02647567492502547,0.05977773549593146,-0.0921272111094078,0.05687792688665283,-0.047541442984909255,-0.02085627057999575,0.039502946811351726,-0.0832089436970691,0.015181336595462502,0.0026075789889210554,0.02683737406954838,0.04148277496215355,-0.015707847077506942,0.09795687845448287,0.02311153568792279,0.018306447014396942,0.028321400930904593,-0.02566536697734001,0.05070876381753231,0.028220724794041363,0.022713134636213005,0.024168075637592525,-0.010804525034014967,0.06067801945632145,0.01866461031237332,0.05052261756787457,0.054274614123965954,0.003978535057478805,0.1565857417833696,0.031370149922020474,2024-01-26
-0.005442968292005279,0.03213261873572267,-0.06636066379695216,0.027886041837672293,0.003960539919444228,-0.0007000696263864015,0.06004029673454075,-0.0995239903818077,0.05895779486571029,0.02381551670661719,0.003940954609889214,0.024934410585971546,-0.026356466671202727,0.03434134932473043,0.01189242507643562,-0.00805079675780107,0.012703206534931965,-0.03100270733893884,0.004769817946524091,-0.0028442057740950544,-0.03833906213279512,0.057368470348507505,-0.09698919764904146,0.043754930468912656,-0.07496506927882507,-0.014495139699923821,0.040105298489303054,-0.07063737637999212,0.031113653381754425,-0.0007788934489623145,0.027700012407636865,0.04926366108484782,-0.029223902056265905,0.11190086302096547,0.026385756668879656,0.01934850404738573,0.031053924307017266,-0.02123693341542432,0.06032570070575494,0.020438424201979055,0.019947015748674725,0.02194261114785802,-0.007981744008814018,0.051778577946048676,0.01032103280639185,0.053017130464137495,0.05495105413639243,0.01856335170758472,0.16149976469036598,0.021853991295246455,2024-01-29
-0.006470207390413774,0.032475654225211856,-0.0710895644084456,0.01391701366535747,0.007028015339983984,0.0009201267727279693,0.05574617960143429,-0.08792589290943731,0.05665353220573888,0.020184100268345828,0.007949600581237438,0.026036879810126003,-0.024325649218005507,0.04288215873566714,0.01437843340938505,-0.003938331137994555,0.01683931613871859,-0.02539183180902993,0.01399980017660396,0.0028313983152421507,-0.039563179184149956,0.05602370217550857,-0.10166731293093278,0.03708066665386811,-0.06386753541059498,-0.018933414293278106,0.045126177094467694,-0.07153860754093733,0.03882978889700972,-0.019235693051533942,0.02517950973288363,0.046905238687451195,-0.023525309105527747,0.10051094638292435,0.019226954155730835,0.02156986015976674,0.0330640998331375,-0.021393332964469103,0.0641704020638143,0.022260783254534955,0.02260216771312342,0.025226127897414304,-0.004760382062742985,0.06561419456045114,0.00890110799633037,0.054420364537993746,0.047356690415478415,0.021819824826629697,0.14773255355619952,0.035196412713711656,2024-01-30
-0.006296871767396994,0.03554757500135374,-0.07549563873499865,0.02498001236980496,0.00378441916917005,-0.002456290309998588,0.0643239149525813,-0.10905349019067312,0.06264628931258898,0.013216773470882792,0.005445228324836582,0.030415070945766454,-0.03249654579689065,0.05424423428659009,0.00915991537419325,-0.01410662206902471,0.016882563571713374,-0.042171436995253386,0.0032979050029084966,-0.005192099177952936,-0.04477662941072853,0.053501580813557804,-0.10192500155154283,0.029822480665256945,-0.07774702480494444,-0.012827639851701078,0.04366332446661015,-0.06571933581818801,0.048192527616071956,-0.0018241141933857952,0.018713801979191612,0.047985657531710475,-0.03959680833291335,0.09389372517401218,0.0180879350705363,0.023775286947569273,0.03042673734108331,-0.01340008126686465,0.06180529208380792,0.02983606023498364,0.023227976131595596,0.02788313423161687,-0.01246397995456594,0.07026903550594321,0.013212237512695735,0.05820582529444538,0.03796658862370613,0.02508783739080389,0.13118546499379913,0.04245812688748263,2024-01-31
-0.015362245791799877,0.027672030362007702,-0.06745484353443254,0.012332101641833626,-0.009122535791328712,0.00041762090346213475,0.06858328122978323,-0.11922149227239165,0.06436481668891969,0.020071068782159474,0.0058026093313044095,0.03337387506403218,-0.03649108318213967,0.06119766705639518,0.002348945773130051,-0.02175533554428799,0.010381769530827077,-0.037817649163903067,-0.005116796464346818,-0.021252156674127498,-0.048162332347199265,0.053206573833102205,-0.10572654524136949,0.03799795246147353,-0.07999910101278918,-0.017371419963422306,0.04123948369699437,-0.06320910735138041,0.045497464980083,-0.004886993342822499,0.01453173851793219,0.05517895879373836,-0.044323388445572154,0.1075718230732392,0.0025617036825686945,0.021779844712476272,0.029359467304318917,-0.012687737719265568,0.06090883616192899,0.02761986588925769,0.02417982985279745,0.03127271175549149,-0.02085485878781479,0.07454887512491215,0.02279548036193657,0.05400669833602021,0.028488537944667193,0.021076032563051905,0.10477930192973961,0.05016553156461834,2024-02-01
-0.01958681485563065,0.03475973416327721,-0.08155300504738072,0.011029659765471989,-0.005611424298474832,-0.00511024217155045,0.07168897334034374,-0.12386227344062983,0.06648252158729284,0.01143671622890774,0.008481894708022075,0.03819544253028466,-0.043795636622462,0.06882338378583741,0.0045020999664588945,-0.021224231334252174,0.015133817947287753,-0.04748445172107485,-0.003259503457142321,-0.017821019357912915,-0.046862912310785855,0.05372780086841992,-0.10063547608285828,0.03731638900543044,-0.06740742225837626,-0.020512960406379087,0.042087765441330215,-0.07717511134700272,0.044094514923091355,-0.009902151514975865,0.01508747677667872,0.05136656050527253,-0.04049726420854893,0.10137201285585062,-0.003595343418109742,0.0236500997803508,0.03098525402108205,-0.015728614121156892,0.06282368997644228,0.032437864128616045,0.028017878515378136,0.030872259680819827,-0.009166660570664842,0.08096394987280298,0.022712228573790627,0.052285720217173724,0.030422281223494867,0.01934497850273842,0.10769695767554466,0.03780299863065695,2024-02-02
-0.021283716043743926,0.03289677234369096,-0.0807546797284906,0.005855140065214037,-0.0021502332730835017,-0.007190995631904995,0.07518471053939149,-0.13270119889341248,0.06581905079691186,0.013643061011033852,0.005901373253241404,0.0389364091026356,-0.04227446211286412,0.07139551008051259,0.0013028997396979936,-0.01841814505045134,0.01263825306711007,-0.03913312444648276,-2.41807645576797e-05,-0.01680196305886117,-0.04819404939308507,0.05903441981348243,-0.1204056135571816,0.03377141488508273,-0.07064245743141617,-0.02198756791756522,0.03766639097686524,-0.07266812957896729,0.030510385065945167,-0.007303860464477285,0.017635746567793632,0.04755106123825912,-0.03189112391541171,0.094398367527599,-0.003583444769134969,0.022608861176649085,0.028391970877789344,-0.018384049775859057,0.051846071853200115,0.030950066567490664,0.035925298924770144,0.03454257799753578,-0.010030496336101202,0.09373438703346926,0.037031615369298,0.06917465295409105,0.030197229544980712,0.035302539564395774,0.12373597059373531,0.0565190075621782,2024-02-05
-0.015014645671025551,0.035953115702862005,-0.07602973862608786,0.01776915288849379,0.0007406232891187248,-0.0015801567848365838,0.07552469508060748,-0.12676617750772678,0.07196924258267678,0.022212618479023227,0.006867667391180099,0.03443678584500669,-0.035757511114346774,0.06548289214026415,0.003640214851921675,-0.019043419295168416,0.020642883507649274,-0.04714147339496122,0.016845581008136046,-0.023959998222319534,-0.04696813326052289,0.06454780703866113,-0.12364648611647266,0.041792508653418325,-0.07350221297986692,-0.018711083515351935,0.03963372199059588,-0.06803052792309017,0.04065960423529691,-0.005744300099932098,0.011316977151947882,0.05136887935238323,-0.05085772595042126,0.09935134280202229,0.0010231291762263783,0.02004335701041009,0.028027113248701222,-0.021912324113860904,0.05119110127504545,0.028504119764154012,0.038906441051286024,0.03429603318376591,-0.008399131422538786,0.09338870368557739,0.039177509692221335,0.07770085159998921,0.03441772726807993,0.04887963975895371,0.14445432626267363,0.06379452529277407,2024-02-06
-0.017808110464051154,0.03590535114606405,-0.07556948268458119,0.020652466916758705,-0.01179129833824022,-0.006610539182322217,0.07193919049962655,-0.1222355103818783,0.06925994339585717,0.011373128681875677,0.008611220432183075,0.03534692552956304,-0.032513955857046195,0.06969975451073496,0.0015762045331026986,-0.015287125465512941,0.01666649324460235,-0.03384205330467538,0.009631415497552087,-0.021096896645512397,-0.04277011382743323,0.05819637837478424,-0.12398781318883112,0.042626322274561534,-0.052671076971062325,-0.018505834826310984,0.03547982361751417,-0.06103508021814086,0.03373712734968448,-0.008398100004164966,0.010598832310349793,0.051650516440878834,-0.050020257743191854,0.09503323371836925,0.006992917964530498,0.021666114791500758,0.0287083473552529,-0.019406474444261912,0.05909837951895969,0.03542660337831949,0.037976316324381254,0.03157751039432592,-0.010463618052759416,0.08362789286384253,0.04407394460038638,0.07813279866843441,0.03560762480068242,0.053509968073253145,0.14833430002886927,0.06432561137529769,2024-02-07
-0.015684361896342147,0.04210931527676304,-0.07373798038175838,0.04352680971155576,-0.01141882587826848,-0.002454984883162048,0.072889909171727,-0.11892953989804311,0.0740269335094832,0.01838784810702565,0.014686818243995403,0.03500817555880752,-0.030251869007246524,0.07088087721176439,0.008737918935839195,-0.01984942349502199,0.01083427027611887,-0.02848991037229387,0.0011004644897905091,-0.022477544373513347,-0.0460574002748545,0.05142852719078033,-0.12587048627309994,0.02722643545558867,-0.04106384488589521,-0.017579355053865008,0.03665349832711773,-0.05698333918722487,0.04183417826470959,-0.02262852988753783,0.012227609267642237,0.05498630893037593,-0.048732421538347004,0.10518379085398322,0.008926088528255827,0.0172269367657208,0.027092244191823187,-0.0258181795255068,0.05010485150257038,0.027954248245315005,0.03771991289830277,0.03487087428422154,-0.01934608426205331,0.08373691772428682,0.04038037792985927,0.0779827065380887,0.03588083286329293,0.050311599908372084,0.14809877542406014,0.0637628296598507,2024-02-08
-0.016168479567644844,0.042853189699633774,-0.08028140953174223,0.03795605025136628,-0.011672241003919281,-0.006448542861281737,0.07544131704731473,-0.1275854480146812,0.07030390072790782,0.015875812794019284,0.016469178123926165,0.033538450534014046,-0.028518453874193828,0.06813841358584827,0.009453806900267647,-0.01903860735251839,0.010418125298470362,-0.030757188254897483,-0.0018681724735728489,-0.022766266835131166,-0.04148525086363186,0.05869226683193098,-0.13371883151899222,0.03961712951664609,-0.021579089604514268,-0.01339269694790719,0.043466886627952006,-0.07224758078272286,0.05543837446091171,-0.016681014863809907,0.012981362338326807,0.056294249491523604,-0.05503027890725298,0.10703763718752946,0.005542761767831417,0.016398095084204044,0.02923058125422123,-0.03420812238323856,0.05199380899870065,0.023085327969695646,0.03393720616814451,0.0351389830061146,-0.025766022572171754,0.073671162949416,0.04870042439513633,0.06734771186372601,0.04194596801469315,0.038655521267982884,0.14902182270075448,0.043748187375140635,2024-02-09
-0.020460556490112847,0.03806462496280435,-0.07466987809838976,0.020073198063077502,-0.013859192486345151,-0.010158482495804932,0.07289022826055533,-0.13051639659909153,0.07277097083637285,0.007238696332436234,0.014043911990915547,0.031881897601549636,-0.02394095516882644,0.06544148798808536,0.009458554281820852,-0.01735835742373639,0.016591405643364115,-0.046476482144384934,-0.0008444908936565687,-0.007965096526024618,-0.046472598066207224,0.05486236776859442,-0.13155857102248403,0.03952746917099437,-0.03934604682119047,-0.01540490232607683,0.04188724080160073,-0.07856047410067157,0.04803364341185401,-0.005607443641670873,0.013591736472317484,0.06164262842666604,-0.05840277278191619,0.11175552757101914,-0.003902759690485147,0.015478190710456752,0.03185295211269549,-0.040017003585481103,0.05152001230097358,0.02971990111423839,0.03817866002852486,0.040391171540725745,-0.02675817944136072,0.08219320238543992,0.0527108980668658,0.07246811966584787,0.03806862553392602,0.038854875092310115,0.1416472946577494,0.054104699234598375,2024-02-12
-0.020289111539805792,0.04309576526044454,-0.08718051191438225,0.026201356405533227,-0.00940507974586402,-0.018745085830070663,0.07050175268511091,-0.14263007176486864,0.05404677498910515,-0.008799065647481341,0.013858419058497096,0.03439968059128347,-0.025634188314229922,0.0668127120269586,0.007882293379816607,-0.017873004087808432,0.016317925167703685,-0.048048068758107854,-0.0001756458552728546,-0.012203767774610852,-0.03608629821710676,0.06339165613354988,-0.11970744689431356,0.07199233420891793,-0.04879165427222809,-0.016190276865134457,0.03296308694285123,-0.06165109464943719,0.03952723841302652,-0.01660198964659909,0.014556440694654716,0.06577625956522974,-0.05686759974922673,0.11355605120547141,-0.009390922138928559,0.01796362597693557,0.033144158350983915,-0.03502724405367985,0.06337613531720954,0.022807857517099794,0.0361080225671744,0.038278498788524344,-0.027721521670510785,0.08094506516196076,0.035408408268978064,0.07943246587662109,0.03928270405089871,0.042342814180031496,0.14756831751929833,0.06082457907038341,2024-02-13
-0.020437107167743385,0.038786047024880164,-0.08039498789442101,0.019722850291232108,-0.011052512915713075,-0.017330087446303866,0.07684414972446961,-0.14764824896667306,0.0704053443842334,-0.009751834386711566,0.015461656855691652,0.027700237023748592,-0.017813433627317687,0.05600174450670803,0.003564487699635688,-0.013467572416380035,0.01912037582097749,-0.04333328960880001,0.013120934658084504,-0.007426523616736347,-0.028484702379619375,0.07167974781681086,-0.12066905258015681,0.0994393404385907,-0.034788073870139824,-0.01836420595966588,0.03512202990310396,-0.06072400651024357,0.04601271379446237,-0.02754454565910769,0.017079248280471006,0.07156597197885073,-0.05996069906733792,0.12123965184886831,-0.005020106692820048,0.017733819646738723,0.034909822241309896,-0.038010311279091824,0.061460610929740866,0.02825247155944277,0.0328450012592723,0.04244362599638532,-0.0358617250164035,0.08693140145823142,0.03947473569766147,0.08745713076257204,0.040164219836557866,0.04805071835529451,0.15708953085899702,0.07296046527375988,2024-02-14
-0.019746075976453614,0.031664044601002354,-0.06963020909797757,0.013683188183488237,-0.018501417152908428,-0.014857323854154813,0.07799669774567503,-0.14928080340854977,0.07096825940588625,-7.560805705009166e-05,0.018801143670781385,0.029701409312937768,-0.01161711309464386,0.062200745717025274,0.0104851881741852,-0.012261353613266034,0.014629813853217013,-0.03644225225324749,0.001954410710532928,-0.004868116028148517,-0.03495764843400288,0.06252961743704138,-0.12243716481246947,0.07281289504565813,-0.045547680947311764,-0.018053931848117523,0.03601480979412673,-0.06860020078427687,0.044153805761768306,-0.021243329650596054,0.024350378009810526,0.07103893044253652,-0.05389087828090511,0.1277140005203541,0.007794060079953091,0.017781893882581556,0.034133468026250696,-0.03258194838781292,0.056562240154921284,0.03482964369804131,0.027744120105547766,0.04394584524416241,-0.04675547680288994,0.07848415214032323,0.044051822508471616,0.0857239457695698,0.04139643078313426,0.04036627965993844,0.14625560770303592,0.06728065632103819,2024-02-15
-0.012365353109845701,0.03134671131390677,-0.06197073065215397,0.02203983169574175,-0.012180961545845026,-0.018845781201417378,0.07559752364888485,-0.1454043184893744,0.07061497676527484,-0.0017225138598397916,0.020095692492270768,0.029438015442730735,-0.0165112803518207,0.05756574943162751,0.014391806283723163,-0.006764273270453036,0.017115060669834044,-0.028069773613213722,0.012931787471537115,-0.0036645795825691607,-0.04166512921536336,0.05452681355509283,-0.12080337434391974,0.050570701532255624,-0.04376807418311812,-0.026653441437254788,0.0388772982768636,-0.0806132680502385,0.039492874064342987,-0.02571347725773987,0.02640581697072797,0.07097019130209578,-0.056322798640633276,0.12904386669585466,0.0003714457032053531,0.011912069925039393,0.03406702631569154,-0.037015560140541415,0.05067805008984627,0.03182227933591952,0.021235011415116568,0.04497693447850423,-0.05350182711132068,0.07465990171027626,0.03803358059816708,0.08338895477558408,0.037248289585049256,0.04561085981657076,0.13615594351686466,0.060612545583972555,2024-02-16
-0.008809950424855795,0.02865157710872062,-0.06142827300829079,0.02267030921548563,-0.00524592348048003,-0.017745357092095883,0.07724395090286214,-0.14525080257931722,0.0751949227277362,0.007994175134649062,0.02356775635129784,0.029062055138407747,-0.010600423802417103,0.06334165062054353,0.011991170855018662,-0.008409996503699868,0.0061705184528476845,-0.016094927466364317,0.0018602297265331025,-0.010725235962226298,-0.03951861862210402,0.05661583651399631,-0.1205064944585017,0.055428187981933164,-0.04923670428152427,-0.03099117798143063,0.0435782531163213,-0.08986987269309232,0.039353518262094545,-0.024687234780576883,0.025147566834071912,0.07089043521806242,-0.0649372599085124,0.1253119064915451,0.00548512538563628,0.010617024287956078,0.033863762045464096,-0.04493585611749529,0.04923980934185379,0.026536055635643985,0.023391282749286323,0.046373137127873436,-0.051374278827434394,0.07713096804190545,0.04825282925548269,0.0857669537132661,0.04080292759419021,0.0498854374915656,0.14373876827445042,0.05839113857877831,2024-02-19
-0.005451482769126414,0.032624618518494075,-0.05603997663830684,0.03730807863829444,-0.007015631010527934,-0.017930168847525296,0.08070499460541611,-0.156474177134732,0.07585970038037404,0.005355553126102697,0.027010390936095873,0.026975225938125926,-0.00917405773032276,0.05887832763311418,0.01507136303523926,-0.002781777114435191,0.012421645320747274,-0.012788303150315206,0.020009741214192633,-0.009593525887592769,-0.04389824145355501,0.0576008845165451,-0.1308026258002577,0.0469159559405965,-0.054242188564627036,-0.025364528282789057,0.04035786120594008,-0.07913685341110499,0.03538467259728684,-0.014832723434009432,0.024334847570733252,0.0756761482156868,-0.06817368983209604,0.12382008606949713,0.009282582101461712,0.011790971537837503,0.03265943887670959,-0.0389793227927826,0.05066441605061689,0.01991642054327869,0.0211682200157562,0.046435893175846905,-0.04444501680510604,0.08893606699837164,0.02940221610203464,0.08488851450460247,0.044963800146773425,0.04059164720048636,0.15129965940649548,0.06582730527892888,2024-02-20
-0.003590517857348985,0.03489705324847544,-0.05764612397459756,0.03713253111515091,-0.005123799020267827,-0.028941921865342946,0.07729387651570684,-0.16358032692998592,0.05169898108897275,-0.012173844360103048,0.02385429936671657,0.024600842969263553,-0.009433250646101676,0.05660427745786234,0.016386403915444214,-0.006931283449666714,0.017398627471424375,-0.03709767658555041,0.01613870043044252,-0.003178240144926181,-0.038197057960662195,0.06094466241196639,-0.13350034903720165,0.05576270947053619,-0.043093894020476364,-0.02558001842585662,0.03848446344588309,-0.07915008497738352,0.029796736450125705,-0.02466691467015303,0.021962324980402757,0.07803623904603811,-0.07791855187494157,0.12691755500447277,0.010454162583907411,0.012428019757127217,0.03313613561264691,-0.04073933883642156,0.05135416158654493,0.012928198965703075,0.01751013112254791,0.04608315705555995,-0.05730460128201731,0.07523132051794446,0.029373114779390086,0.09374268684145312,0.043480543647146964,0.04605534129159894,0.14811201941425822,0.08501132600222538,2024-02-21
0.0022123108589582772,0.04292248375361763,-0.06867025876941557,0.052103430807545426,-0.0017962523030310429,-0.02449596013860378,0.07590705456173788,-0.15666996927901566,0.05935180294103981,-0.011037407542509925,0.021890601298689805,0.027901571405154077,-0.014035884793192621,0.06431787315910964,0.013443530737319076,-0.008293992155709607,0.033195519431875466,-0.06405322220701304,0.03507992360766976,-0.009467209002658739,-0.037441623536472665,0.0647336125524927,-0.1419896087460949,0.060380666314561626,-0.03554857893442687,-0.022710298699568466,0.04330587870013736,-0.08974149699842271,0.037875682286586,-0.024255429261096917,0.026490988644267643,0.0712747547150156,-0.05749045680944531,0.12415299098661148,0.017621898674416103,0.01264160480660248,0.02895480382953299,-0.03428599508891317,0.04851083572715664,0.00907405924901461,0.016073551961143018,0.05049354783272737,-0.06047382821443148,0.08405047542048316,0.0348968266885088,0.08811699493025844,0.04798242230995123,0.02349249103057094,0.14370680793808854,0.0800026470289803,2024-02-22
0.0047046496653784685,0.039118554309066196,-0.06345456865282229,0.05481663467306719,0.005675568485121074,-0.020877491961675588,0.08276807287307753,-0.160892786898162,0.07267598500587891,-0.006846347360255134,0.024390662373672312,0.02970379496936004,-0.015666161419123137,0.07128470114015761,0.01505436606849786,-0.012420783406243464,0.0394907856057953,-0.07591773433776694,0.035767741355428484,-0.016217648381546712,-0.03500014494748675,0.06349740234129841,-0.14526806140916293,0.04833979487886264,-0.029041182161705592,-0.016428081902254532,0.05011498076693847,-0.09371210104946492,0.05878527096759201,-0.025309268454021594,0.03159644223692633,0.0760822410334278,-0.050817105416618435,0.12703007260721177,0.021867354810626072,0.015074186011786183,0.03153727427832112,-0.03763454110609765,0.048690822106106646,0.013746531113680849,0.012094336554361495,0.054052930323970474,-0.06962064914471466,0.08566328072774043,0.030263717448749006,0.08786538985145116,0.04543865480472351,0.034172835275257274,0.14667445223272968,0.07799146568163096,2024-02-23
0.003907577031951592,0.03655949008316537,-0.06029631797350277,0.05012171840694091,0.015130434844226937,-0.015659912570868163,0.08397270217073591,-0.16030535455120232,0.0748785140836834,0.003516968800819642,0.023799060614457267,0.030676774179595464,-0.01455364736635878,0.07475333038099241,0.013612684265569053,-0.015038736432988208,0.027178668793810958,-0.05189235241137424,0.02099248354283989,-0.009928356694758889,-0.0276812018767717,0.06267509580030843,-0.1415861722071855,0.034952635033772106,0.0002305137876956742,-0.015910899693370985,0.0516711033349595,-0.09138044300176218,0.06637062682022288,-0.017592666579395067,0.03239813452803826,0.0761124283279671,-0.05667342036820122,0.1285910564693118,0.03097642247831245,0.019379649285102385,0.03293858236532348,-0.03457794100436451,0.0568793436166708,0.019046419775170076,0.014160453527127404,0.05518026109950722,-0.06568455397083695,0.09560887745685576,0.0258573311344501,0.0911284324588851,0.046554724306444376,0.03390273689779888,0.14266177402015368,0.09650493288021011,2024-02-26
-0.0036029710367559086,0.04103190051713221,-0.07573337725300722,0.04833184108160271,0.0027966253439544175,-0.007259769509853986,0.08446677538711199,-0.15593618315524405,0.07416607698130306,0.02617119086822428,0.025440735902945245,0.031635496904524676,-0.014190875549100479,0.07744923774611512,0.01129727628247057,-0.021358168813308633,0.03315049859197204,-0.07542262176789494,0.014503305292784097,-0.021242504654035543,-0.027907545865034723,0.06821715143279206,-0.14038655947518197,0.06568018985897517,-0.018460275128033055,-0.023878612700557245,0.056209634062814394,-0.09711749396102087,0.06504937044460846,-0.024621053696099238,0.03198134894412643,0.07731742525504046,-0.05791581326694162,0.1397290396434132,0.02444359511515848,0.01902908062670141,0.0313077879014602,-0.031383449042373446,0.06009776419148305,0.015488857149722923,0.02179173271998138,0.05858163236829626,-0.06169213734285117,0.10956129596115538,0.02996485157704698,0.08756379511528882,0.04070215376640743,0.0391634403361254,0.1421949349102407,0.09007496599659803,2024-02-27
0.002860228932038256,0.040906571075945856,-0.0620731534337875,0.05905764184989981,0.006032592937519121,-0.0031333887727181377,0.0895360600301173,-0.1615023184639227,0.07528952500859165,0.05026384886706747,0.027510327150726634,0.027756165131265543,-0.008130010708059854,0.07686099378853561,0.020344077554196982,-0.02877073633114178,0.03725939004844508,-0.08938993485552071,0.015330813153658918,-0.026325083814733086,-0.03188208905915357,0.07780404687768995,-0.1437251833299239,0.07853783886095433,-0.02077167417478576,-0.020523063901243522,0.06365517077821092,-0.09450795112288868,0.0897855722997134,-0.03463300095227184,0.0328430877868636,0.07652689319665659,-0.052523953685716385,0.1443753978619362,0.02450076155552039,0.02120188331870061,0.03540153941540946,-0.03737646725539445,0.05868539208804813,0.028116638633963298,0.01981384229386742,0.05766439861024723,-0.0656212433107558,0.10846063115118354,0.02977850123680592,0.09359047643480771,0.03887781216679565,0.05188255528565544,0.14560738075514967,0.08464610348968638,2024-02-28
0.005270986638584274,0.047678966485280985,-0.06424788812876603,0.06949541439849183,0.01990656843008276,-0.0014328269406393979,0.0871584240796555,-0.1554811017853921,0.07851256161321696,0.03870518460571537,0.02596025577545964,0.03289306894966415,-0.020678484973834177,0.07987917950437962,0.024224207654583108,-0.029046400138951878,0.03882351506292596,-0.09638703473176313,0.013107840627110567,-0.017925994455844196,-0.03727829165342815,0.06495867988445891,-0.13089908009635998,0.05669719893989922,-0.01644729171498638,-0.018337993593132974,0.06438382740400747,-0.09643700439164893,0.08477582322661759,-0.020931613214790867,0.032539893645534515,0.07259456068104857,-0.05249201931985459,0.13949115370163123,0.020092138272626237,0.022695376290893486,0.036079490614944615,-0.030772989026397912,0.06581956740283901,0.023848882680572947,0.017100238878525187,0.05293318438726536,-0.06628141115539521,0.0955299773006093,0.020128659444837327,0.10306378145530726,0.045724963203163035,0.04156205215275266,0.16277908464817425,0.10134813569510026,2024-02-29
0.002769566443984095,0.048888171156158074,-0.08063691626803593,0.050296549684536895,0.034088551592728944,-0.005382435055233126,0.0863368776034422,-0.15840510251659923,0.06685115530035501,0.04245252810556299,0.024380498665160455,0.03634487257222931,-0.028783759399328868,0.08497599780505083,0.01912218590618231,-0.024358313446495528,0.04579436732320244,-0.10111057058071837,0.02360263005896024,-0.012227697932776005,-0.030156743721890346,0.06180846677915347,-0.12974966651161368,0.05607064116621285,-0.013205986548163962,-0.012471714192280792,0.07090727181272968,-0.10111490948887436,0.106744882388919,-0.03752596916266526,0.03844711758942267,0.07404730878784083,-0.05569441360553562,0.14818963105732053,0.038399181124676884,0.024348913521615924,0.03715237823487457,-0.03233330328147255,0.067405531268377,0.031061901519592094,0.015826554327840813,0.04846780123213662,-0.058009753630302474,0.08963349550414046,0.025889815627701873,0.10597678607051333,0.03707493585847918,0.05369743784985448,0.15431677716638004,0.11209813108743982,2024-03-01
0.0019691947999167956,0.047214138721261095,-0.0752658668148779,0.045378347835980826,0.035167503869005134,-0.005573948599732792,0.09007670513841343,-0.1527037633794066,0.08554901244585422,0.04848569973868733,0.032862876701432175,0.03266792318527091,-0.018796257739196798,0.08388971253398414,0.032580880700408876,-0.028538605137214446,0.048424738950085755,-0.1048495349006835,0.03259584100417001,-0.019221284006875616,-0.02955850880689357,0.06952712169922212,-0.14885831631337543,0.05089463248305881,-0.001853329860344255,-0.013056313090365724,0.07290978829134699,-0.09328810083309591,0.10644300449104405,-0.03404781723599093,0.04111895151396272,0.07720786889073102,-0.05091211671905538,0.15888217534618332,0.04479887445019237,0.025463187438567257,0.040760193797870964,-0.04064772320246113,0.06872970896266883,0.024778907101400183,0.01909987701264577,0.049659819373519355,-0.0596545474671758,0.09096888128400638,0.028012698070933872,0.09474702259956302,0.03981848267298121,0.032651056882085916,0.14638182668726318,0.1024924215947769,2024-03-04
0.004039828587468075,0.04156548368323685,-0.06779469633454727,0.04345973244374779,0.020064996630364984,0.004329160354227479,0.08784850941798654,-0.13534269048441505,0.09508026271010217,0.058792325853600946,0.03175144111072024,0.03493444957138608,-0.029216619205795324,0.07922619541080667,0.034984433653906466,-0.030333126836086112,0.0487438680053669,-0.09665228143761173,0.03031465663250099,-0.022691823269132883,-0.02431105003660048,0.07244116863799527,-0.1491606341857803,0.05184145843716759,0.01491560171519457,-0.010663661017057758,0.07432858519883843,-0.09952813397119298,0.11222849820758785,-0.04333300833340459,0.04591139571881801,0.07798146354093143,-0.04901387223984932,0.1650336969249715,0.05073258339537978,0.02485901830071182,0.04049545385990519,-0.040827383875381096,0.06746655698019044,0.02956439391190102,0.018129958017312653,0.048876220224109174,-0.0557648830867552,0.09039435341985835,0.021107668030259763,0.0907651480300105,0.04425556010999518,0.019340946682142146,0.15568217857494138,0.10000742807821705,2024-03-05
0.00960796207781287,0.04628688592827059,-0.07259843943963518,0.05473476933550159,0.030137488051930283,0.005080912852596131,0.09409667141923433,-0.1417193459363596,0.09135827949085451,0.0721049256304438,0.031565180330521116,0.039029014783833985,-0.03679632374181718,0.08490040371504848,0.03844674895912026,-0.031814412089752796,0.04984627686581303,-0.0911665725668811,0.0307227754103665,-0.030896131244210978,-0.029428789500113406,0.06835526040436604,-0.1375480048078307,0.054111491349152496,0.0020843096269780315,-0.017724519155869433,0.07444103562340855,-0.10865078087667202,0.11159630078466365,-0.04650412771905166,0.04328037779194762,0.07969951763240378,-0.06330111962211504,0.15846392642137674,0.05452950720597993,0.02447742062412741,0.0414783000972375,-0.04067847371119104,0.06796814209738411,0.027997847290512023,0.01867787006153403,0.04527988694435641,-0.05130133072408205,0.08010986616545179,0.022146439194363765,0.08507674026618309,0.05286733114758564,0.0005514615792918676,0.16260109275501167,0.0949923682014766,2024-03-06
0.0034507187738052727,0.039632803107833535,-0.068639263927052,0.04578105114717723,0.017153553000582633,0.001408474418998762,0.0900683728477647,-0.13961168621459885,0.084104299375374,0.061382139439876804,0.033314858200027775,0.04053249994080381,-0.03353261952218656,0.09349270904746199,0.03440822123027498,-0.03336213578622018,0.051908721616827774,-0.10101053863747933,0.03943488012373764,-0.02936788561002368,-0.03265453441848887,0.060934467539041,-0.128235665160793,0.027676913098418465,0.00022936704391174345,-0.019110040079140987,0.07597501820732094,-0.10805713793450233,0.11465611407060705,-0.04506569677883843,0.041783879525456945,0.07994260273781925,-0.05886271456714365,0.1534284279168292,0.06020193211879521,0.027610975188749866,0.04119377121048212,-0.040745886777927676,0.07208547446318248,0.030933502987856132,0.02017063935154382,0.042109120549810634,-0.037974279165404856,0.07998962672458365,0.015141199660153815,0.07854914082448147,0.05714253821355094,-0.009102589066514177,0.16785199792738825,0.08573438160215519,2024-03-07
0.0017494775774068217,0.03322970087584932,-0.053478656285339765,0.04791103161987054,0.009815776943306709,-0.001478330793760896,0.09652782855423718,-0.15119596675603542,0.09655854009859843,0.061158049327521447,0.03423816832183668,0.043547016794681204,-0.03630261184817418,0.10090299547699977,0.03331117439086273,-0.03433463432096575,0.051666621935691354,-0.10398834407533752,0.022049170516945882,-0.02909260904346911,-0.03202056491516425,0.05783051188591525,-0.11936972053232431,0.02783285333210639,-0.011182304490649608,-0.02049681031018309,0.07468995791991871,-0.11718606360419204,0.10308735157822335,-0.03314689400211346,0.04221845768389214,0.07907200837621801,-0.05571388645413711,0.15649422847445127,0.053413416076446785,0.02749849616266613,0.0395119556696416,-0.03582257734897465,0.07096737624675464,0.023022227016916474,0.01917437429877191,0.03902549640639772,-0.034209884314799544,0.07479358772367783,0.014095815837259495,0.07802470456876384,0.0613441651278062,-0.0031294326079983614,0.18613870598936466,0.06544945896209065,2024-03-08
0.007385733804174932,0.034674419742946584,-0.05322789260541139,0.05080093742344949,0.007287585324079693,0.0031993753454655272,0.0959709163936099,-0.14988801051690048,0.09806533412413976,0.06400418891292103,0.031213727851589025,0.04531697933449237,-0.039189304955131066,0.10357725031269771,0.033100846527284844,-0.03588149979023347,0.059501304951664814,-0.1165354434771686,0.03370490379567581,-0.022166996505696313,-0.033186692179361724,0.061570307472329215,-0.12228766527359747,0.04119077054659326,-0.001469791698441858,-0.0208431590582951,0.07201406114872858,-0.11567959842721898,0.09896638977691063,-0.028409233981310678,0.04087375080758515,0.0788127308232226,-0.06149415881011977,0.1529649477182904,0.04674714658376877,0.023525116811951817,0.040686839657482855,-0.03833145316295017,0.07025088517944189,0.011412473543847002,0.02430801006615515,0.032893355399221225,-0.017903133374313818,0.06843309492631322,0.00904023951893751,0.07380311739707865,0.06510390009253722,-0.023427328093992505,0.1818004521948564,0.07088956141849079,2024-03-11
0.005147333218002692,0.03674209280690523,-0.060310027299797286,0.04867040392081612,0.011562050705498983,0.00527388287375814,0.08808772631616779,-0.14127916632438364,0.08130492847416737,0.06857320002792888,0.029642958377918326,0.047478719685666755,-0.043045009617507124,0.10512637452882267,0.023178949790562342,-0.037160910914201595,0.060259162288334,-0.12573461386566553,0.028711253456962682,-0.021881337153342062,-0.034508537568893646,0.05888522437763565,-0.12243655222774363,0.032806864613240005,-0.0023881368066515085,-0.022339058409237646,0.07480967682812058,-0.12364758828988254,0.10116561955412595,-0.027526351826867912,0.03395381886675939,0.0757307210125581,-0.06780632094388783,0.12922777420447584,0.047884390154029344,0.025218069502683304,0.04042050063281275,-0.03721527767192523,0.07234632751910253,0.012889776935877117,0.027488610533406586,0.03262696100664886,-0.01930566699247982,0.07378147068832464,0.020490766076904254,0.0691325824050842,0.07092044270165117,-0.033705377396738734,0.18830295788206364,0.0665903360800173,2024-03-12
0.007731462162402813,0.03691745188712311,-0.06330479490074103,0.04315557540503101,0.016538197769085716,0.00988634428554953,0.08313107867986115,-0.12361861560480258,0.08218812059010028,0.065677231059863,0.03862645211660156,0.04786261239241959,-0.03949934003635647,0.11030179521605232,0.03810030512446727,-0.035663247138023955,0.04949710334964322,-0.09811024710022687,0.03781927654871642,-0.034496371219942534,-0.03083903162049937,0.055868373561380094,-0.12212949508570492,0.029827262014679112,-2.6120690061581797e-05,-0.02518833209103184,0.07449042587326027,-0.12381391644012629,0.08944827066139505,-0.018354354253362404,0.029468470634722976,0.07919577368069211,-0.07933325121098,0.13107182798094597,0.043637891040619436,0.02630252437776992,0.03951447268228868,-0.03394718392054008,0.07530519581508921,0.013246266282772812,0.031131708931183156,0.03350900123244771,-0.019166519949025407,0.076289045949258,0.02625937388704691,0.07609315708308942,0.07060384242753363,-0.028529951232423856,0.1918430690490538,0.07437427582456158,2024-03-13
0.008907157313179637,0.03504404519071061,-0.05822561843193186,0.04372204956570247,0.01697778924451887,0.01823385947499978,0.08625065508765327,-0.11145922347497161,0.09326440727679364,0.07905726812160596,0.03527888301920619,0.04887739502734411,-0.040335368682193784,0.11249389312451408,0.03554601016845971,-0.03636378302584573,0.04843945503993906,-0.09382203178520399,0.03759396955604277,-0.03328366391308779,-0.020654444130217286,0.05737505266712291,-0.12068556650675022,0.024575858718727916,0.01830964227467402,-0.02264226097212525,0.07512872651776653,-0.12855846241813473,0.08504358530939649,-0.020662374246950388,0.027294713018256568,0.08111867370035211,-0.084014963605624,0.13786672153194357,0.033858987858781386,0.028989831005991572,0.042763008805631574,-0.034130979459938815,0.08905901723682463,0.016175525913616262,0.029664431768755772,0.0349992912682914,-0.02255085594596662,0.07609882778329857,0.030781226245085502,0.07814262058328061,0.07151276523834181,-0.027882209273936365,0.19423596766450024,0.08512821513473523,2024-03-14
0.0031897230458198143,0.042035229678626905,-0.07220237173112543,0.053549067051985366,0.008544355538114834,0.025543765881200796,0.08428380972928734,-0.10157919367342005,0.10912499904117623,0.07614355628309499,0.036060088020723094,0.05296828899358535,-0.04716182758423204,0.11678612490760543,0.04115493799646397,-0.02908268706315189,0.051947250176625354,-0.08911616882052842,0.054585202423474755,-0.028503474177893007,-0.00978073225614311,0.05815088718126491,-0.10546326089532276,0.049774058405853694,0.027003013128874986,-0.012680830001350474,0.0771713396710535,-0.11332694040330693,0.10026656454956906,0.001067328325759398,0.031534349163496136,0.08089937484417004,-0.0755879660077794,0.12941680527338795,0.03865107429348402,0.029178084080694954,0.044988340698190285,-0.03070524324446433,0.10126949203257585,0.014626598392342816,0.02680547319227968,0.03176934074669844,-0.023661848413118358,0.05697904584799929,0.04302094736413675,0.07223941124806803,0.07135149547969373,-0.0448972083042114,0.17857418868435682,0.07436057631550264,2024-03-15
0.002571522636343371,0.0410640725620006,-0.07733669773726204,0.03599521299149755,0.014293386690523269,0.019595956762993395,0.08756091522753831,-0.11346356175154637,0.11281564161589652,0.05721834990465413,0.034346279635951535,0.05750193023871241,-0.04942809304085949,0.12639636493015916,0.043391234853018545,-0.037740133673867374,0.04694771839357131,-0.08146107594117458,0.04971449709177955,-0.04279692972622651,-0.001601151228661002,0.05757994410918561,-0.10246086736789883,0.054935270782001444,0.01679430905971402,-0.012077728637486884,0.07547501970467303,-0.1106975164481998,0.10198676204273394,0.002743147019874659,0.031543053056629036,0.08097900327162673,-0.07502366006763539,0.12260235442873868,0.04972461544102069,0.032338783012841786,0.0449102554599444,-0.02790063834725287,0.10599997362008007,0.022691157672677598,0.01827061827147891,0.025824393633190317,-0.022795629583254207,0.042137026696217994,0.03396317775471425,0.0733120873658077,0.0627276235652862,-0.029178806002502222,0.16576263849907424,0.08584052241219475,2024-03-18
0.007203671568082326,0.04520526883071244,-0.08047246906235794,0.04314335792764745,0.01792111855490086,0.025736217692514128,0.0896887610019561,-0.10515052157114546,0.12327209393366823,0.0638955404947501,0.034498966640478954,0.056255993954777955,-0.04843283145874144,0.12667566594725166,0.03594655594582208,-0.04267210303220011,0.04259577535763935,-0.08684073837368744,0.03240286307386819,-0.04569155167905892,0.00047458250240210996,0.06462640195337077,-0.1065895831146253,0.06592387546596346,0.025668000856704953,-0.014313404427253151,0.07984112484555625,-0.12672196143920245,0.09675096446029596,-0.005624751621319479,0.035993765835745026,0.08230988877548122,-0.06285642012458648,0.1278528618019421,0.04180539520462423,0.0354910256118965,0.04760560710814343,-0.029826811471599157,0.11358043351803726,0.026214661096114478,0.02233870112298215,0.029159309741740136,-0.030125221265233093,0.04812204795453634,0.03987978019365701,0.07365553151438571,0.060312290587924054,-0.027872984824888092,0.15564717285838903,0.09233636495667685,2024-03-19
0.010065119538306,0.04892905103136861,-0.08565558211855961,0.05150142210900577,0.02883994110952237,0.030303000540956714,0.08800605876634954,-0.09529850743698709,0.13986749386256414,0.04909936292311956,0.03554678821597688,0.05254375741010913,-0.042362059891473125,0.12044042571937807,0.03834803460372882,-0.04402194431848176,0.04218949519123108,-0.09249618460778841,0.03005265762140552,-0.05500579979515252,-0.007652073956816374,0.06084110972205074,-0.10319082121512324,0.06865106603422944,0.013337582844504814,-0.017664672819620274,0.08319009519526042,-0.1223660359699057,0.10468199299477043,-0.01956634737923979,0.0384731666394313,0.07845128474634364,-0.054302255806482735,0.1277026118613258,0.044144075407972716,0.0356006500230045,0.0473550190358526,-0.0338763253330393,0.11061046964172916,0.023496144030605626,0.020814690987829308,0.032301545839244605,-0.04085047864572833,0.04545589265646921,0.037852500720633175,0.06907610156631468,0.053635539915022734,-0.01964451846748616,0.13589901335604604,0.08874799822924784,2024-03-20
0.00970557276861055,0.050835423761275596,-0.08840383753220948,0.04337161134496803,0.0422706148575942,0.02889183872425969,0.08936655178145098,-0.09718841926471422,0.13522343992539532,0.04913444017194113,0.03223661185923821,0.048294187776640234,-0.03951844497623014,0.1102058752183721,0.0316736233720456,-0.040404327848793595,0.04258424928635519,-0.0807730648022561,0.03706862225575769,-0.054534110774699385,0.0013974980450669693,0.07176574955528772,-0.1042288991016953,0.08292582419694505,0.018113391562135206,-0.014103294296577817,0.09028593520334047,-0.13096032858943607,0.1247858117710905,-0.003100642015698263,0.03936291442879332,0.08142559544113798,-0.060549753626634506,0.13556019220295257,0.05992776389217069,0.03666704559486835,0.043601594856757166,-0.022941209837150534,0.10817063080079081,0.026310347707370063,0.02641158948697444,0.03483979986870997,-0.03505928693519689,0.06040527068491319,0.03972969090627565,0.06594372807421396,0.052533583367266566,-0.02409359023907942,0.12942750460904984,0.08128979098219768,2024-03-21
0.00808609054539211,0.05465817047532834,-0.09276673707362382,0.06426942155604598,0.03353581823408436,0.02303748237891463,0.08690902438776343,-0.1009501689750315,0.1353866701314972,0.035473056589664376,0.03140736664870769,0.04673847860979337,-0.03458788395418233,0.10867106868391008,0.028584754290922998,-0.04050905029789607,0.04077980504757134,-0.08807082394850263,0.03102854998476956,-0.042114083653999046,0.003781939078751506,0.06504012496454423,-0.09403007385449536,0.08085323798430544,0.014846213611756642,-0.010198398717200362,0.0994476762541286,-0.13951905501363704,0.14699415516626457,0.006509366411494799,0.045034941194258084,0.08566287878574794,-0.06298037514177424,0.15906803052514995,0.06582587212772717,0.03905193656425987,0.045965200231027736,-0.026714543118482315,0.11287709539952107,0.032817503614734234,0.025863423755697813,0.03134763913412075,-0.03245457744242286,0.059831547090694714,0.03154696020912895,0.07390391291641678,0.046331214938401824,-0.014959351115849673,0.11903975433019309,0.08784214735460427,2024-03-22
0.002557179047325242,0.06036569974901759,-0.10400737298642426,0.06656840364554473,0.026300018623055532,0.028457078812911506,0.09224986881295917,-0.09771021353815623,0.14475973884546955,0.04654584276949891,0.02997473901056229,0.04480146235283267,-0.03358515347317392,0.10661002351388138,0.02693791489379671,-0.04342245033306458,0.03807223838285131,-0.08556410555086036,0.019503161317603546,-0.04722019650452025,0.011073828578905176,0.07387878331136204,-0.11141105519282202,0.08813316992538955,0.027775269991223928,-0.01022927386844128,0.10346254068955361,-0.1457155584033204,0.1558542215605665,-0.018364880214764567,0.04982124715701539,0.0828786930344943,-0.04886868088804175,0.16711408060995758,0.0647142784225434,0.043737099177007785,0.04579898071447116,-0.023466179852737468,0.11741784429561175,0.041096579971265035,0.02148155670181262,0.026833282341629357,-0.024910961939761278,0.054173425463064584,0.029957376108250555,0.07548116629432253,0.04071422599776829,0.0017700312311665911,0.12450632618164659,0.07821026672618547,2024-03-25
0.0006390509518361398,0.0667410531023466,-0.12052788771590184,0.06964990180782937,0.028510698117058864,0.027836766953334903,0.09797409314351997,-0.10066326193368891,0.15547234498647255,0.0504364081469546,0.031358316641881934,0.04462155790988429,-0.03320638445060731,0.10697311555365663,0.026913062915839614,-0.04260210180186759,0.04216238068768248,-0.09091515667729866,0.02017389585811502,-0.03203222392020211,0.008566068486076283,0.07424898712210469,-0.11046144277858228,0.08291678524939283,0.03140663190498194,-0.014715747185068717,0.10264420387894604,-0.14663872338496142,0.1562884512734064,-0.0226261063325649,0.046665981683366595,0.08654957285203194,-0.053425443770584335,0.16970366473539666,0.06644292899537718,0.04270580035524683,0.044103349154358616,-0.015305858625109359,0.11951974204910942,0.035895147700136576,0.012040129310181636,0.02630485202991893,-0.030963698276931684,0.043295349854055365,0.009734768142305672,0.08070249282417508,0.041477414689427804,0.013187013405947523,0.13312622663285278,0.08405999693518096,2024-03-26
0.0010856709548996868,0.06714058400838037,-0.11799439697152603,0.06865867411926252,0.03937159556836334,0.029945094284241747,0.09453405878758536,-0.10688612247773388,0.14809438786098994,0.06864091102737091,0.030688929027947464,0.04596506511204222,-0.03692894566799976,0.10788729252366869,0.02758534450636363,-0.03717745942454631,0.0492071360273375,-0.09582828690159462,0.03542774387529479,-0.051283275261391426,0.005475698661167194,0.07514845936837176,-0.11699653266920873,0.0813455317677747,0.0315005510097397,-0.01499174574802895,0.10683607106747876,-0.1430431689910857,0.164215897676933,-0.020836853714059744,0.04370055216463875,0.08322290723012045,-0.05340067473096566,0.16344730953517428,0.060413946760904835,0.03763061844334439,0.042247926452578695,-0.02251781073666803,0.10945683403514406,0.03489074832666739,0.011944030158705442,0.022417315903397704,-0.025601494227464272,0.035333111134687734,0.01467359128225576,0.07969361212449755,0.04788171592642353,-0.004379204837492656,0.13283332005555004,0.08966424541408324,2024-03-27
0.003608541777801455,0.062091660233075475,-0.10772922680010677,0.06391012267709995,0.030341516238942656,0.03818786254781661,0.09462731508177037,-0.10269606917074126,0.16013678905448003,0.0785391626043539,0.03000521185615419,0.04360430858353994,-0.03720525441662059,0.10026277881306345,0.030190059007409342,-0.036375827104579095,0.04816623434379614,-0.10171441772870582,0.026068625724659844,-0.04453362561492491,0.006247882017303396,0.08473276896134696,-0.12669878185869954,0.09516074106154115,0.026510421072072576,-0.01576357904362593,0.1068238339744113,-0.14329441142699428,0.17066436449902467,-0.016820249152768807,0.04176589967643303,0.08089943094550191,-0.04909407310945069,0.16353110110472913,0.05616801582154185,0.04178075500489738,0.045799378503835086,-0.021621212236290432,0.12060340847160234,0.04064877377786802,0.010808405225732499,0.026961919468123235,-0.033577788111775364,0.03602447774525164,0.023127722505670745,0.08142175354974886,0.05126656395547353,-0.008856324341763089,0.13451115686789228,0.09061508564084497,2024-03-28
0.0037535312652253517,0.06793384263512438,-0.1180000476354417,0.05949333976178628,0.04263332622607563,0.033771353505297516,0.09575842744626842,-0.11321406759579389,0.15869709881606564,0.07682540873511856,0.03504104800757672,0.03993230501150115,-0.027247743716101613,0.0965985205008153,0.04057453181407644,-0.028973754052942224,0.04306758888548609,-0.09784885103280883,0.015612273971483681,-0.02357943096943549,0.004568746537403423,0.08429853738718478,-0.13410169604957034,0.08702008019278873,0.028105152231155728,-0.00950071130429444,0.10956453373853925,-0.14948776918436912,0.18165660415791307,-0.00740923528877413,0.042517845256375364,0.08707016522597102,-0.058933754609310274,0.1712508897157201,0.05940196967112521,0.04685554033775474,0.04649424293928185,-0.017743572763997517,0.12541044923391076,0.04561062863817966,0.010668277530899939,0.027607739624863275,-0.03306718702266853,0.04617787863738387,0.02192118116619679,0.08309008934900382,0.0662639235307515,-0.031179193157868657,0.168377036117195,0.08178029465921166,2024-03-29
-0.00016437450336197478,0.06089048770397723,-0.1089038491703006,0.04717368340326655,0.04037445737361134,0.043508410419232126,0.10404503309165988,-0.1077057707741339,0.18824357933863922,0.07284914830030131,0.03744389915062925,0.04493753624973203,-0.03691676964774582,0.09882578775791373,0.05038788147613538,-0.031803099508870926,0.04230914432892825,-0.10393564222184093,0.017764353008257627,-0.03721064360339554,0.01014872379446714,0.0900446168243549,-0.13803283744520578,0.10352351645172231,0.03676303335114284,-0.008230736155132656,0.1101593811827869,-0.1538462764169246,0.17937196256796706,-0.000472502052492052,0.051777025793783224,0.08376527116013976,-0.041765720842750764,0.18134231436833437,0.06142752730426637,0.04654704566758265,0.04469573560155591,-0.018968421402902558,0.12094499383350144,0.04329932617298082,0.013454153589329243,0.02692116776534677,-0.02840505975503116,0.04855415921733175,0.01933445059334904,0.07879102073960734,0.059139718076127785,-0.02536503789650335,0.15370639635677907,0.09291577209222135,2024-04-01
-0.0022499694482065015,0.06520552448683035,-0.11972697372122432,0.052015408404654906,0.03738478991360217,0.03632008812302845,0.09977142683191922,-0.10374898216212025,0.1720533674550344,0.07535423863068225,0.03412939860764859,0.04657299269108809,-0.042972321214345244,0.0973527254390345,0.04260527608075204,-0.028496882279909673,0.049384445029860495,-0.11285284042579591,0.0310621985870303,-0.03240731743975089,0.009605960763655896,0.09315710051493822,-0.1334879015953968,0.11050970624103917,0.035158741339336386,-0.010230771563413033,0.1054984273071366,-0.1514601498811987,0.17179138171480024,-0.01022595136755089,0.049347346005991576,0.08112547485492067,-0.0418969306388951,0.17481909603231194,0.05957865276465579,0.04319943338367109,0.04804135726430814,-0.02345520428171144,0.12598184006441593,0.03570027291950595,0.017799954989202282,0.03199067800988383,-0.034123962052619694,0.0527230694950791,0.02153979270098194,0.0828043095741448,0.06665386048759943,-0.040713021524092174,0.15538679595578397,0.09816055863223205,2024-04-02
-0.005870326353041966,0.06579170963420608,-0.1319468576973043,0.048665515912511115,0.030470093545946764,0.03611267021503282,0.09675468781500526,-0.0996995089484205,0.1666218826740915,0.07656698657486616,0.027433806604196854,0.04740024737916482,-0.049136758267294134,0.08588359159875125,0.02789957725542136,-0.026924946766060276,0.05031880226518861,-0.11990788571826672,0.02611391897498061,-0.014338198843228511,0.016151112253945988,0.09415314362591706,-0.1332112495341492,0.11967204601067927,0.05542394128524708,-0.013138520334109782,0.10376456666410543,-0.1504633406918391,0.1687135555873085,-0.029069161798192633,0.047463662564520594,0.07764516987144594,-0.040833559082979476,0.16633874077950495,0.052103523057981604,0.04519964100969538,0.04361118236098463,-0.019356145982738826,0.11705573100656341,0.03852775248122042,0.01983796920830907,0.03338908373103321,-0.03871819479094152,0.05633909118669522,0.031141260953579497,0.08263315063957677,0.0609148590357904,-0.025981528951635857,0.1539051518070218,0.08574799225301599,2024-04-03
-0.004567798648279253,0.06332587337773703,-0.1221402235719854,0.047479395747783926,0.034911536456857295,0.03512853789006498,0.1047027402799985,-0.11747503031732498,0.15956650556377827,0.08557426091266285,0.029434626617866444,0.04771799889458429,-0.045654617158506605,0.09123854382649799,0.021117132050834986,-0.029249055449292884,0.05502463207891305,-0.11622811466535654,0.03362049210337115,0.00019152331683458534,0.009366632010323816,0.08874934283370461,-0.13703888565693,0.10169867829975132,0.04415689835545655,-0.006670752575303762,0.1072218651837381,-0.1478263140569791,0.18013220590284917,-0.015499091780343144,0.05137524598265166,0.07382306967246297,-0.02853092867344109,0.1675733991711683,0.0475445936580976,0.0452722930068586,0.03921346560054492,-0.01043031669972716,0.11034164084733589,0.040054552709877456,0.019829758198508872,0.03632137009235855,-0.04369466178563841,0.05373498970772417,0.04024252988285815,0.08470222031713762,0.06259690337299384,-0.02927892058419479,0.15636541160707584,0.09270719597396049,2024-04-04
-0.003175456877707772,0.061281050832783616,-0.12009719904030336,0.04420781096507764,0.03189014757279596,0.04012071490652325,0.10309220912402678,-0.09958806236051998,0.1672622722015371,0.09032323380505325,0.020874096723015566,0.05211536220313944,-0.059512534372285986,0.08935621692689155,0.008525570944533323,-0.02895080715227081,0.053721627238102594,-0.12111688317980251,0.02429350968220434,0.00011889270887333048,0.018697674973951715,0.09583016471841209,-0.13335135301232104,0.12168534648124907,0.059672320730979056,-0.01327866891660423,0.10570539628101801,-0.1587495483416479,0.165785012591394,-0.007411554791756592,0.05713786873324469,0.07441265540898814,-0.02211676394987705,0.16740887865344622,0.04761099664217361,0.04842379621079305,0.0373485068005301,0.0021308648993656476,0.11428778769703185,0.03853208718453005,0.023066027009461875,0.042598366826354345,-0.04882387302083169,0.06478962104312647,0.04517692371260651,0.07523040793456374,0.0689631491990078,-0.049585477779985676,0.157336271106296,0.1000037303777368,2024-04-05
-0.002906310064598028,0.07068320439518506,-0.1346913313703505,0.062161755051365786,0.035246069750962006,0.03700434227125597,0.10291411133249671,-0.10843687930016777,0.15804690014100387,0.08744067530394917,0.019222434464563686,0.04961578789316796,-0.04667519242481455,0.08348231090948,0.0022585708751619027,-0.02857895251296012,0.055040259419094587,-0.1254175140195245,0.033956477371885896,-0.008672306678884634,0.02299076079048401,0.10948765007334368,-0.13882664740247252,0.16028566172261582,0.04298404882803886,-0.009015361966747326,0.10749122425453785,-0.1541977315231603,0.17426031622711857,-0.006529541113904802,0.05362928851381334,0.07677975251285457,-0.02541238909803678,0.17496237397939218,0.040002545347568974,0.04941977597475529,0.04002845248359757,-0.00206633707594428,0.1186816992204014,0.03666236324502492,0.02216345942392355,0.04842734101985291,-0.05710147502589269,0.08083438358797546,0.045058838564855375,0.07645314501048554,0.06757825281387816,-0.04916729479734672,0.15504696076649238,0.09678811640067253,2024-04-08
-0.015645781293932636,0.06709613737862845,-0.14432322609342674,0.04390510420927285,0.013585920562320108,0.0395960334836664,0.10295460642487304,-0.10195228113382038,0.15140407282919877,0.10227782060089519,0.021121564311120555,0.050969863593071346,-0.04532693371417651,0.09127244440552174,-0.0003577644098949895,-0.023974234903199033,0.054724670943757,-0.11664726501385325,0.03432213384619209,0.002363669956118253,0.02265582826451169,0.11283439326180822,-0.14148125274623125,0.16049860624697487,0.05558440992271274,-0.014836815322228447,0.10298306222739632,-0.15152502058156703,0.16049320791827637,-0.01804243225795621,0.04855129785958119,0.07835489681718807,-0.03834777950324253,0.1751148325008447,0.05044838948545216,0.05507626743386065,0.036049825631442746,0.01510998852693235,0.11550499984830309,0.03500217819102924,0.024829544677460635,0.05275589124997973,-0.06361416603893355,0.0883070458704045,0.049516122283068675,0.06849534844690146,0.06977343286186527,-0.05827142653022255,0.15380911768204641,0.07984682539468269,2024-04-09
-0.02161182887768931,0.07177157551753154,-0.15817859718169336,0.045613819657370325,-0.008206468700746372,0.037634516330560516,0.0954309724164361,-0.10102416363195377,0.1353286877364006,0.08885234036579481,0.02673689389430036,0.052212706650033816,-0.0465898253853162,0.09879586941829999,0.02613781973213536,-0.018488722176147786,0.05222425786904174,-0.1040634088696023,0.03585085910052044,0.010051545854347754,0.025236980629598983,0.1225439501759281,-0.15118391420223942,0.1583253755561067,0.08253559498943153,-0.01813548951100241,0.10523570838392536,-0.16109112540124637,0.15968803999323034,-0.029660045098697352,0.044559261266260176,0.07680038817413391,-0.043298344621996665,0.16639031182396424,0.04808831477568121,0.056773878374756045,0.04031677226072851,0.01717074793721962,0.12684414703408398,0.033295633419656134,0.01710378279043967,0.05409282794178704,-0.07262814029544074,0.08596384996832218,0.035288533686134604,0.06847789739247027,0.08099596210780224,-0.08330177291401664,0.1527453930462015,0.0949562376340749,2024-04-10
-0.02132732822079788,0.07225618960121936,-0.16204637676223033,0.043724294375506956,0.0021087990281034585,0.035230710555558195,0.09093034068288236,-0.09383068521138516,0.12680243033079286,0.07272649977010048,0.027290299976906397,0.05139946663262535,-0.04068563212299514,0.09446661751724372,0.029995378141928875,-0.01573580064172706,0.04751367556797082,-0.0900930357387163,0.028807707932525295,0.01662016486430229,0.03032404469357044,0.12149065722485201,-0.1535585070785932,0.16235001430952622,0.09640141438033045,-0.008318282140995326,0.10435235547211316,-0.15483496776887262,0.16583378770871682,-0.013950340989834054,0.04949130485477584,0.0778451620506104,-0.03516683432176637,0.16590782732897602,0.04369685853055816,0.06043003274965679,0.04018098278431637,0.02442076046463937,0.12673513862395192,0.036732887462720853,0.020482289133181085,0.062374534378621754,-0.08197437972118926,0.10044962885513375,0.04739504790726179,0.06941963881209379,0.08611031282245007,-0.0884673134477254,0.15524298746786358,0.10626674275715842,2024-04-11
-0.02106480698390818,0.07231054633416713,-0.16105269906124142,0.04858626946448652,0.0021638996604256278,0.030254347547304362,0.08890381990529837,-0.09513572432442874,0.12733395095706967,0.06634272208598224,0.02828166848446654,0.05665744614750424,-0.04038946039109925,0.097511092883523,0.025660000258894478,-0.007019765035804459,0.051704105045922315,-0.08289735822750455,0.04052061878942537,0.02366638697580825,0.025451099410483867,0.11865898951726053,-0.15767088803964513,0.16805087739531643,0.08465481632151062,-0.01205661536512812,0.10107895814662268,-0.15894437475609957,0.1504999911701499,-0.012965491037943866,0.044330556206295516,0.0709148873672668,-0.037155979805095773,0.15222247445098636,0.037809482405361194,0.06022413230397343,0.03880993492812286,0.022942406361996293,0.1267260596909796,0.04165082622422367,0.02767358635474202,0.06153812303667215,-0.08275898090597233,0.09495800263553855,0.05790534519179169,0.06994281617250182,0.08568780815518569,-0.0873768132819891,0.15910714945135274,0.10281946197258707,2024-04-12
-0.02118707898305152,0.06971023323737045,-0.15679874685398354,0.04062156556082508,-0.0009833969656906083,0.031555924424671145,0.09495478094996951,-0.10213793224665635,0.13205051531668732,0.057045836314792764,0.02882107293849896,0.049637299812651976,-0.032136715751122535,0.08622471752891037,0.02645315155482275,-0.0057902086959369155,0.03843272289517597,-0.06368852290475968,0.040208395404956354,0.006673526932355234,0.02674083010702648,0.11924036804011762,-0.1539280313656517,0.1724938380822414,0.07859053246422132,-0.013083371838192104,0.09917092418828505,-0.15742623165267777,0.14619610699041985,-0.01957298062200985,0.04592831864910425,0.06868382704861731,-0.03961485379265273,0.14871988821077098,0.04833919701278844,0.062367626711708854,0.037517554467088765,0.024283079384190165,0.12266276397931941,0.04334636810611836,0.026281877283436783,0.0573578916878802,-0.07354765712189737,0.09565908168898862,0.04588664124645314,0.06848752686195417,0.08258793880291156,-0.08894596776499175,0.14545457624778302,0.10857428660272195,2024-04-15
-0.022207845576347095,0.06709274820599334,-0.15569860555450676,0.021555086428918013,0.010865627366541286,0.031736139610762756,0.09461401983925474,-0.10567908599787357,0.14095653090859805,0.056105904517498306,0.02548246258317488,0.046853186078966415,-0.028094588283035682,0.08113198044591097,0.02996051690042245,-0.0003789098612994923,0.04146922194618351,-0.0674835999636112,0.05412345078449321,0.0166839883401122,0.03556701964315019,0.1197108546233975,-0.14437249502095928,0.17758742227583668,0.08464872359526177,-0.014246762119482703,0.09336496943309186,-0.15754467563613916,0.12660060042541477,-0.024400573798777137,0.04995443912597599,0.06207131509609953,-0.03599201314325473,0.12930445592070772,0.050494723644990636,0.06457373427440953,0.03612686749972367,0.03503184397031878,0.12368971573739396,0.038897587714421755,0.02960704617136125,0.05909009890123857,-0.0734064315551004,0.10349309998930578,0.04679498126391346,0.07543442583714496,0.0817287585939238,-0.07767951694807684,0.15547674685461899,0.08919268420714199,2024-04-16
-0.017567519212147453,0.07052493099108298,-0.15761255086531023,0.031513272472006415,0.015310144900552825,0.028073181269433055,0.08663881700869513,-0.10472379429995793,0.12993367871667494,0.05996297481107904,0.022286445499889406,0.044657771453090904,-0.03211231049700558,0.08587740890612006,0.01587075292797424,-0.002690398808576422,0.036224613819931806,-0.05452098380822368,0.05293597535364558,-0.004074792020905549,0.03427152709883363,0.11507151025391121,-0.1406251726181298,0.1601881807296015,0.10073026956753095,-0.015653150742028422,0.09528828793701404,-0.15864419905811944,0.13003114977390884,-0.025470686629874617,0.04658869489991531,0.05873481467529574,-0.045730832244361364,0.11629153201913,0.05372058047564887,0.06661993216227602,0.035623832976236405,0.032125409216419376,0.12466031461070815,0.04277672550576406,0.03451897726431703,0.061986561980912035,-0.07711068455623393,0.10375482598723806,0.04804698702933363,0.07352351628168781,0.07759616117974408,-0.06806662182095491,0.1581468601852667,0.07576421301016123,2024-04-17
-0.018221858643544753,0.07992376284722644,-0.1754783529901296,0.04429006934745816,0.0155699499928863,0.032562430998620065,0.09054428016978443,-0.10994739584542645,0.13569543784014648,0.05813682180954016,0.026405719888676592,0.04394947040217522,-0.029010233365083682,0.08014759511625824,0.025132616129302177,-0.0019016891220342558,0.041638316229554995,-0.04960285897104255,0.06496549126469708,-0.009939470888806201,0.04306226269717335,0.11955216920486597,-0.13161093992100725,0.18594413117304498,0.1084363423160295,-0.020848953948117876,0.10027554967402237,-0.16961465634341022,0.12776780072061555,-0.02799313580493834,0.043905956879708,0.05865948936186807,-0.05295451207888724,0.10945143412886482,0.047800020599154225,0.0696377829729303,0.041742780769341306,0.027175494359424457,0.13738628153055843,0.0434219783259,0.035520610789552064,0.0613951190604514,-0.07221771578384184,0.10882784836357451,0.05506004404203857,0.0681078617743703,0.07971479885276757,-0.08398209022435077,0.14134512440602887,0.08812721883527352,2024-04-18
-0.018520082340351518,0.07812923106462359,-0.1719171047452892,0.04665329323910372,0.009880624583200825,0.02677755858777091,0.09053325217709308,-0.11397109601527844,0.13598563449804235,0.05018002375372732,0.028941823804646716,0.046009566506282434,-0.029238047062411954,0.08343946363733035,0.02711789938821796,-0.004056780903802748,0.03552088170410447,-0.04102403767088514,0.06102434153936431,-0.01781822016145973,0.05445434282894905,0.12566507517029177,-0.1287590968475948,0.1969371630165584,0.12143950206124488,-0.01941873098351825,0.09411954711907204,-0.15739417444036852,0.11893925522535476,-0.028140435939416175,0.0460160552323565,0.05364831827906914,-0.034473337718032515,0.10605112727897903,0.03992757457281493,0.07199185061951571,0.04037430589569557,0.029081915481622644,0.13116579038057852,0.04764393475788964,0.03521079075885871,0.06388180355024695,-0.07828632586282591,0.11009222230891691,0.05380248406213939,0.07163568956930388,0.07412569842443578,-0.06592785383817656,0.1533418943594762,0.08298767157890508,2024-04-19
-0.023804674793052195,0.07715840184034664,-0.17463738009990337,0.04209450387528446,0.000560733269060476,0.02781108899167626,0.09380224451963091,-0.11873047478176513,0.1460584246317449,0.0635963192630824,0.024231565587020266,0.04377464552144009,-0.026214419714985948,0.07722716633783944,0.009678768869715526,-0.0007010579725267973,0.040053034465038544,-0.03141405147031229,0.07006427281408589,-0.028911584664182644,0.05200929416795881,0.13181007436866132,-0.14095691663714327,0.18453615810421886,0.13219299214662317,-0.02836475900410649,0.09288125734606863,-0.15944034544530594,0.10713846557616935,-0.048671429201014416,0.04641308836235687,0.05624106212980003,-0.03763873782971838,0.1162118719116465,0.041791430292333676,0.07154704716063968,0.04362470634927602,0.02770530094753565,0.13724324186371994,0.0430611192058199,0.030966338251361903,0.061149044825740274,-0.0745357253133736,0.1071834933648308,0.04685858722760727,0.0689919606195692,0.07097940259043271,-0.05976045020327159,0.15624695840592118,0.07957658244354393,2024-04-22
-0.030079400621922804,0.07965047998919157,-0.18068762584805131,0.05452373218048945,-0.010875225617168804,0.03304924015756465,0.10049612368135166,-0.12268218629976302,0.1631258462182723,0.05853608864024196,0.023819502326824615,0.044181960246415075,-0.023434897204606786,0.0803225811297299,0.004230509122835402,0.001119068122732103,0.04471149032806921,-0.03655463522805469,0.08176128521109649,-0.0265237407814215,0.05005588148072486,0.1309186983852067,-0.14149566438812133,0.19780653723056774,0.1304386865586451,-0.030148937868426474,0.0972090400023556,-0.1722945996048756,0.10494496799757203,-0.056725943688179625,0.050677703944004684,0.052207101812204185,-0.02880053385085657,0.11947293825450434,0.05129940585881232,0.07199028168152206,0.044653853021166506,0.03046059082592989,0.13738727488099411,0.04088228035828356,0.03483322666356643,0.05708190985191839,-0.05924514276556203,0.11278449245365474,0.04404222248833367,0.07246796794533687,0.07892586147330574,-0.06411003547460203,0.18163989666094182,0.08208392863474256,2024-04-23
-0.030189736834562497,0.07665539529643833,-0.17300470348899055,0.058406674010988535,-0.008742116541363365,0.03169971606430037,0.09807345667242333,-0.12712023934340133,0.1548964844351377,0.04029839313594219,0.025969049961295475,0.0446051842421107,-0.019048820495083052,0.08291431044153597,0.00965647239535472,0.004450613718597363,0.04692526461575721,-0.03385393917066426,0.09284031022846961,-0.01865837695600958,0.05451484376787039,0.1308302284276167,-0.13476810922418803,0.19165984566028826,0.14142866761801498,-0.031015115566839578,0.0875199820892306,-0.1583865620878665,0.0876328160036246,-0.03810092766488282,0.056216439748652626,0.04964621881059132,-0.02425079215775916,0.12752054612656671,0.06482738658167109,0.0730053359397302,0.04323142156262632,0.02359718213902151,0.1342527680261978,0.04744255421340049,0.03642818820520879,0.06143544858650109,-0.05555880864967255,0.12783795341090376,0.03596561314830238,0.07712568793487348,0.07728099484968881,-0.03918483699475628,0.2030647353434436,0.06979128268985124,2024-04-24
-0.024341568507431098,0.07926932216533077,-0.1696919003319055,0.07152870967627667,-0.0019312379479347053,0.02893524985645144,0.10039000355360321,-0.13716359476046824,0.1443978174449294,0.03958894936928914,0.02766273973824247,0.045548227190418976,-0.025434378556626447,0.08367645515702749,0.016796710944557924,0.0023449161886708093,0.041397965709143045,-0.034653106045254845,0.07861363481404227,-0.019033194419267097,0.04705973907981782,0.12929314406394488,-0.13873525771112516,0.19263440675719545,0.12212583215873662,-0.031032572132560297,0.0924470210539092,-0.15969535147885716,0.0904666807565595,-0.05077028750603807,0.05494961748409246,0.04817917654958832,-0.021292811590098215,0.12064326026993233,0.07275514026589569,0.07353457423646619,0.04570353633889585,0.024220390150781368,0.1337736816260331,0.04368407597698698,0.03801081450495891,0.06497258628301524,-0.05270827778093923,0.13353665496784384,0.03187639951192667,0.07662889219482116,0.06579084099848935,-0.026457656348814473,0.1781915509296177,0.08596988712348264,2024-04-25
-0.021861575065683224,0.07483675406663878,-0.15478451416818084,0.07354287530273607,0.0010362223632578438,0.03522679067623515,0.09953344903759885,-0.12230349578526822,0.1608458158525965,0.04211557963172541,0.03102280817619214,0.04810545935312016,-0.02650116443543582,0.0866476123860811,0.02203840387798639,0.0007111679494360201,0.03400254444428224,-0.03237390227394299,0.06386063661030761,-0.014885457155528026,0.0603444516833739,0.13278933550574118,-0.12843275654259634,0.20235824654587797,0.14423275504315014,-0.03270124097086469,0.09455971325274044,-0.15773817046711158,0.10168892870233504,-0.04878091621939795,0.05554917588380206,0.04149743775657408,-0.009586275657882726,0.10365448215339712,0.07559103058328631,0.07537338609270053,0.04462551621710775,0.03074850564427356,0.1339358567252591,0.04614108213654755,0.029848243744112324,0.06444940873903805,-0.05384445714495245,0.12914297446326417,0.018106723050529627,0.07708169537150442,0.0735006738253998,-0.04339741952851495,0.1854788288817537,0.09153090009232301,2024-04-26
-0.020698787789989105,0.07677766369947178,-0.15740435005485065,0.07328046699764523,0.0009145608798777349,0.03231045554078662,0.1015894737834881,-0.12306894647185651,0.1578263874327901,0.03447380726299465,0.029781224952139817,0.043580828007493036,-0.026719253702200185,0.08169534287856428,0.028566871605025135,0.0015926517115654182,0.03411781487745516,-0.038666816271322624,0.06451618534268855,-0.0028906839927443917,0.046912501946907416,0.13826434092944323,-0.14210531002267424,0.19029262966344862,0.13965204346899984,-0.029936607034093378,0.09142145075231013,-0.14910559077228858,0.10265461517090957,-0.05443620763115675,0.05275048617112812,0.04282412448428045,-0.0146093212287427,0.10906389849541398,0.06606579131227597,0.07163366167389448,0.04122712498317993,0.03195289576994553,0.131868275042194,0.045896973294202725,0.03422983266787234,0.07208902950556018,-0.0551916213442637,0.144961005794773,0.01570228740775348,0.06862991307794312,0.07657634231178571,-0.058709871682118386,0.1784678002192963,0.08280370217546129,2024-04-29
-0.023547437979368757,0.07535931754016294,-0.15898730288840346,0.07045229581944135,-0.013533559343517632,0.034888385047027314,0.1032648522320117,-0.12682135245003023,0.15259755624773552,0.037126926841629215,0.031879115283811,0.0498086004512359,-0.031854929152503764,0.10206614697437866,0.024168502740574915,-0.0029905453922436376,0.03488736504609712,-0.039922208743381926,0.060071679207161166,-0.012568455668398482,0.051675893343600274,0.14366441056029475,-0.1399497081130774,0.20224811502031392,0.14030494252436232,-0.04028084827670912,0.08640612074737106,-0.15614755224669374,0.07949219303195032,-0.0637837761971719,0.05276919707085901,0.044191014586225756,-0.020929390984744223,0.10561246791422563,0.06799951882372657,0.07357565820412662,0.04342348622354637,0.03303577919664846,0.1361422635272247,0.04763545104117162,0.03542819107071467,0.0732122395918605,-0.05623717904691261,0.14811468321401033,0.004213070707548727,0.08101736379503048,0.06834491541530643,-0.02880440943982232,0.1839225144033907,0.08085575931983113,2024-04-30
-0.02051754407913351,0.08097794106630432,-0.16002350063209247,0.08730136963246582,0.0041662444752366135,0.032300172356706215,0.10474006280070113,-0.1241035567479698,0.1479963578325758,0.033418111276865003,0.035202552681700874,0.04916291332698566,-0.028016898562069015,0.10895509464821296,0.027134269579337067,-0.006935459908361219,0.041282753786066585,-0.040794563915672044,0.07170750519570168,-0.017000108134754277,0.048747971727133875,0.14626304237239435,-0.1263412905888841,0.22182208795339453,0.12000074509177971,-0.04273636982908628,0.08962798358147711,-0.1645056725730989,0.06991998961096169,-0.06374882284042427,0.0529144323754396,0.041720317710327935,-0.013181591371515533,0.10684395915952383,0.058700462317632374,0.07888306557570912,0.046958499458316275,0.030960786315914035,0.1417046826923889,0.06091787705296059,0.028725875005140233,0.06827488456914917,-0.06438717866398314,0.12990706024600596,0.002930963763738248,0.0922043919010922,0.06701856136192424,-0.01929600183760649,0.1888015489537629,0.09253905353037828,2024-05-01
-0.0187076511517855,0.08377277861391542,-0.15546162254491913,0.10408897382498505,-0.012072817861226715,0.029714229824976558,0.10160287724972715,-0.12648019686018475,0.1383143871751309,0.034001195624088654,0.03892044090856004,0.04757477700654328,-0.015545366426010121,0.1153871533568358,0.022449520496405917,-0.0014408684299233698,0.04008284292543548,-0.03463796162928434,0.07632559832659491,-0.012440873669576358,0.04047006582934791,0.1469583503839177,-0.1405100505356739,0.22715193336144845,0.11491785717114023,-0.03880052627803461,0.08850366083747718,-0.1506337592924164,0.0717727708033793,-0.06478002958072349,0.050064056682282684,0.03965339044787505,-0.006628695752060154,0.09642728470696382,0.060146980507677306,0.07980553806914062,0.051090080140040885,0.028168476497381745,0.15095607610622452,0.05932793570727313,0.02251546989562625,0.0670955546303595,-0.06699644132471683,0.12093605339436264,0.0014984007400056232,0.09516628329673289,0.06938777216917964,-0.01237138615567257,0.19829291870123344,0.07908388837617575,2024-05-02
-0.011908985713587871,0.09108447883107529,-0.16345362344442604,0.12037155973651825,0.0014939514881171512,0.032338017259539595,0.10920790672488834,-0.13711955923707797,0.16649204104513116,0.04133570438582845,0.04551022629581194,0.05002805492350826,-0.020477610332668927,0.11912832817135954,0.0360216221039138,0.001815111001384051,0.03953810268220979,-0.03269415306421308,0.0789984525309626,-0.013942476594886788,0.040384658725016995,0.14868422367884768,-0.13539065360621982,0.23329854148868767,0.10498776822224642,-0.04053471148396106,0.09463185515390873,-0.16635668249329616,0.07509532302616928,-0.06143724699151343,0.05356216405803545,0.03527913589925504,0.00032326707255969644,0.092598886133056,0.0681295189886133,0.08138071901031045,0.05541758631640301,0.023199054799116547,0.1570238708820113,0.053848944691265554,0.02162806543527356,0.06195082389440776,-0.06376231140820143,0.10107342036664102,-0.0020475452835830854,0.0967099434178196,0.06617665105575976,-0.00894714819831599,0.19372008964709098,0.0909683738996343,2024-05-03
-0.017789611493202618,0.0892222124696799,-0.16341351550708494,0.11343283795144199,-0.005300708937482246,0.029966697087107842,0.10493939894734712,-0.1365027514157413,0.1503625188871951,0.04141231650770982,0.042288213519479,0.04731739465617204,-0.018591883637399276,0.1117843081047265,0.024960226357098936,0.003356086318222351,0.03952695575629767,-0.037226137403162274,0.07703957575450571,-0.009202178697941932,0.03655500395115572,0.1466194645532034,-0.14043946241458172,0.2237055811323021,0.0903738923677555,-0.043783068082851394,0.09418197445123998,-0.1584352613656178,0.08648843818199192,-0.07216422211995521,0.049166326136515434,0.03186094000248465,0.0005219449132034537,0.08047447071811575,0.06379779332042368,0.0812088114572247,0.05415046664465125,0.027921075688800423,0.16134631935040455,0.04772026570652743,0.024207516699957264,0.06180200748611372,-0.06479912948128763,0.10433137088861533,2.6699527633011755e-05,0.09144334163235632,0.07555711742324453,-0.023481858582073634,0.20928397911152974,0.08000918071767282,2024-05-06
-0.01213599472031357,0.08926540823861148,-0.15642584500925305,0.12108434778068133,0.0030740340918740117,0.03553168882897386,0.10373010356886463,-0.11836560119778627,0.16608872832274324,0.042399925591143806,0.04145202588839234,0.04718252585742276,-0.012807522704972985,0.11592997411539763,0.014915853207480012,-0.0005285911067462124,0.03949532335005325,-0.04148714346667104,0.0738766325623681,-0.014432627639866413,0.03221161531355945,0.14811531006931583,-0.14143268271318565,0.23359624736458784,0.08863469079296382,-0.04623291103659797,0.08979558246985533,-0.1490212486893726,0.07933911256971826,-0.09056796217372776,0.04984469187431158,0.03322773121864917,0.00025574899206026735,0.08284247445077786,0.07047947163374646,0.07847310275283914,0.05694324792954122,0.024279055174074138,0.1604495753483952,0.04568825717279945,0.02186458888596208,0.06255610901738046,-0.05650857466454351,0.11014567061673741,-0.006662653137571861,0.08143331139947593,0.08023139285021295,-0.0379139359300924,0.20321143585103907,0.06561697097225894,2024-05-07
-0.007206119486057072,0.08889753075824638,-0.1514442118510152,0.12705183639140527,0.0037962477028887776,0.037006077046803164,0.0988354026729742,-0.1108527728078833,0.16198868632628427,0.04399134940214133,0.036543883177047244,0.047889032980430415,-0.008943004767373974,0.11814610285581306,0.014819009129446004,-0.003753879943140537,0.04454835118092072,-0.03679608386576971,0.08249084363172354,-0.021273953255815603,0.038962780277526685,0.1445361866926361,-0.14130284179734842,0.22412651294600439,0.1098929219449718,-0.04834224720816105,0.08759590453198861,-0.14994503945789583,0.07192018654036203,-0.09278437355228408,0.04814161727698525,0.03494033983219547,-0.009461504987326785,0.08044070591895469,0.06951452310884254,0.07859112067458299,0.05214712487808438,0.030704220589703013,0.14896452558230822,0.04668712330444835,0.02064068556243508,0.06262842603291371,-0.0611106412152953,0.10385121429564559,-0.008210935350149828,0.0735339574051584,0.08071061896887133,-0.051318858261862776,0.18646921688870477,0.06158189636338807,2024-05-08
-0.0068169382912028455,0.08802985518088347,-0.1537530369460327,0.1194963667693898,-0.004584803060756704,0.03551528319272992,0.0995404434441729,-0.10713237072014725,0.16631335462907404,0.03810669712988801,0.040579104125000584,0.051714653383390374,-0.007916537491438946,0.13333048705777206,0.009588013820351238,-0.006295441796128132,0.04979397851020979,-0.06133251796087624,0.0859226297956166,-0.02281964403236303,0.03868315614739306,0.14374624379616163,-0.1547375687960496,0.21963559350255535,0.10861699844230133,-0.04556979374525101,0.07899477619835998,-0.1421097995373134,0.05680793318958144,-0.07895484189046975,0.04698058716759723,0.031170174015206168,0.0013781147080467182,0.08391392747557447,0.05605792489034078,0.07904814400353048,0.050101075222235114,0.029485875367359915,0.14099502154140398,0.04411057709313737,0.019601142959870633,0.0656534674590804,-0.06923629422669886,0.1011867213442732,-0.006766712220042548,0.07846008901581372,0.07797789196366499,-0.04389910529975061,0.1898663745959852,0.07851686900600718,2024-05-09
-0.006787108242507745,0.0801341702803927,-0.13835460611526706,0.11225939826267406,-0.010003096589226379,0.03638988975007522,0.10504972612825574,-0.11227872609568934,0.17654096013726073,0.03983780290417194,0.044588432318923885,0.05690237399340301,-0.002337848209752025,0.15307772403486486,0.017888665686648153,-0.005501609368734783,0.048692507114127995,-0.05372013857516822,0.08702596064913082,-0.020727981278990004,0.04152545234541212,0.15059821483037775,-0.15867688109707,0.24702095120025036,0.10784001688630784,-0.04699403422426185,0.08128694737315137,-0.13615977834697512,0.06885347728879498,-0.07201857268779799,0.052235314926659296,0.038558894828139616,-0.005329992643580028,0.0955990791514938,0.06427242536789146,0.07550666190829163,0.05258415222296092,0.02332978693252641,0.14159233783664193,0.03951361819863708,0.019960145730185386,0.06361046458439036,-0.06569154992654902,0.09516751422712533,-0.009150654195777208,0.07470213706465408,0.07167657980624446,-0.03533648684327284,0.17944146541345996,0.06887022919465968,2024-05-10
-0.0037374098550585046,0.07789220145760414,-0.12946356958303407,0.11518440586234147,0.002155750416209967,0.04121509717119616,0.1063021152459177,-0.11189371654378633,0.18297324962629435,0.03735705375930065,0.0449092313247875,0.055017366150585285,-0.001185685125036029,0.14728833618193948,0.021316128014068125,-0.007056063290960868,0.04554447343886477,-0.05220057378843179,0.07956487599111584,-0.015800097983278305,0.04068382409907358,0.15225325873841927,-0.16187180942624468,0.2585280709010003,0.09038096387887151,-0.04167340891808304,0.07207640852460954,-0.12278831254238931,0.05710286183696267,-0.06546838381880271,0.055739441001761626,0.041277841466746186,-0.003510757606965287,0.09915743577742475,0.06600711651665603,0.07610960283949467,0.05803680247057457,0.021927861325648834,0.15393129112622383,0.03322283406395221,0.02458434938095082,0.06401774953662309,-0.056325093960138406,0.11270228943340088,-0.009694620503984508,0.0730634353391297,0.08045088762131174,-0.05907307929208094,0.18320034830598786,0.08549884574312205,2024-05-13
-0.006185559160124266,0.08207703733905722,-0.12915340395807984,0.12727338641248997,-0.0019014162590506034,0.040148716589927844,0.10809290351931522,-0.1156236111781036,0.18698260889742557,0.03878008614183015,0.04436897820478665,0.05872564188783415,-0.0005892202414785608,0.15691946406225576,0.014994280183011854,-0.00820174356261807,0.04246828746381527,-0.050361819232499716,0.06702367714818758,-0.008341879963965848,0.049232491019516655,0.15360052960582768,-0.15129439234711672,0.26309586947366315,0.11191698450341803,-0.04450771105493543,0.06685604004183751,-0.11105051330945137,0.047038629215998995,-0.07970089860906382,0.053076087844682984,0.03588293848997239,0.0014509393114121583,0.09645682855572435,0.06298429875201106,0.07259711793292367,0.05554773513717536,0.017933429660707434,0.14989723324303506,0.04007403710958379,0.026510199750115836,0.06807988426212959,-0.053393007562808514,0.1246137641076055,-0.0043553584008688695,0.07196475077252666,0.07880971901062891,-0.06221883882599377,0.17433749784350416,0.08426711820042199,2024-05-14
-0.008296424650639489,0.08137977648445005,-0.12553200958805755,0.1285543174064876,-0.0056559929610128235,0.040502332317899306,0.10565331443685554,-0.11296370254736088,0.17754920424576603,0.04468998441983962,0.05032035637472154,0.0597837803577696,-0.0010427640538085425,0.16601563247857176,0.03510115331395869,-0.012044847375737123,0.055961765344954166,-0.07104618641479676,0.08902924269394608,-0.01925099043073286,0.047872424857452314,0.1568870481007352,-0.16452978082392955,0.2761592904329071,0.10344774141082103,-0.050590542650565395,0.06054044256610881,-0.11468020736309503,0.03491210971472647,-0.06610786477491326,0.05475548139824673,0.044284334921298865,-0.0015820403969600827,0.10928033777659252,0.056956081625576305,0.07400455427914006,0.05471592419151823,0.01911645861328526,0.148719750589011,0.0365998701370811,0.02517588278369822,0.06958999971969997,-0.050748776195169265,0.13097616378875454,-0.002067104309830481,0.07536521915685188,0.07611199685926053,-0.05374917264656587,0.17494727006363275,0.08335305062236875,2024-05-15
-0.00373922116965133,0.08887983431916699,-0.13001636119551396,0.14593578202350144,-0.007655323870918496,0.03451503063833854,0.09997447870042901,-0.1076554280803328,0.15839484708277962,0.02104272513972405,0.05180848948066989,0.06591081349822046,-0.00439636486828765,0.17994962737332432,0.035824723528635305,-0.007796002541924141,0.056287341376874696,-0.06712229172456341,0.09423143893969765,-0.023598295202901243,0.051513608516306306,0.152245325196141,-0.1584138353865543,0.2741513529767081,0.09079453641209478,-0.05478449303331845,0.06362016096931279,-0.12709775488915842,0.03419691565275951,-0.05679351477517913,0.05071520797346742,0.042409309091099676,-0.007129050150501137,0.09743752798520822,0.06091870689168721,0.0756180030905925,0.05774930335791299,0.025113241975905698,0.16362953935154434,0.0354560212491577,0.026079471431105627,0.06437364787897437,-0.05039057130271185,0.11468151824180328,0.003526652825187826,0.06889675652900284,0.08679697661899015,-0.08711975207177125,0.16682902735498017,0.0757489275788743,2024-05-16
-0.0068571637057752485,0.09598471226417579,-0.14897717040617964,0.15051526174710395,-0.005854073836287332,0.03515597622495039,0.10339031527824413,-0.0955994694745792,0.17588627985404082,0.00835537188682478,0.05253600469311963,0.06694736916221725,-0.00176462686144907,0.18247330612915635,0.03519745124192131,-0.017252490430751298,0.05500723637344978,-0.07365804844559665,0.08399112068500703,-0.045005320146458416,0.0693920712362267,0.169848917161473,-0.1645803859276017,0.3160351362050977,0.12965060966351238,-0.05799434418983633,0.06453556958989105,-0.13205158412997775,0.02658831779081572,-0.06594328535145166,0.050273191289650285,0.04366328951188283,-0.017553648280210887,0.0979788793478571,0.057453355591737365,0.07550402224331183,0.05571688102069476,0.024960883654110422,0.1610384321440943,0.036668955342585186,0.026654697198551913,0.06372739655591,-0.04806941403344556,0.11075736626561294,0.012819853143152704,0.07046397725740472,0.0915314183814691,-0.09623008639517483,0.16443625320652266,0.08045526990028984,2024-05-17
0.001719920937286945,0.09775469046644723,-0.14205394967359686,0.16307946876311763,-0.005781181325697604,0.03635545017891895,0.10429730727545507,-0.09017431690127187,0.1920496780170282,0.0019806743196630894,0.05513513944013648,0.059039392621526084,0.005296359676675522,0.16693306105751304,0.04841155409773146,-0.0066907114436911995,0.057423554369458965,-0.055923175452901486,0.10016236302200276,-0.0397966153730227,0.07842684182592503,0.16781647066136202,-0.15579504003431421,0.3181940369285159,0.1282275138381952,-0.06113724719371936,0.06552323119696994,-0.130185599304514,0.027173402290153303,-0.08705078645679254,0.05158236020751546,0.047505841099969845,-0.026299795506148027,0.1078968407540366,0.06535342943822586,0.07234179734925342,0.05457483718007828,0.024273051852268246,0.1579212184483536,0.03372618221659973,0.024404126689898664,0.05750849100228843,-0.04101529206366161,0.0988144351675806,0.011878248391138158,0.07273530726782329,0.09735907618919928,-0.10549215147469393,0.1683159977464579,0.08813686260540599,2024-05-20
0.003017601506830525,0.09505640136488612,-0.1415565302956754,0.15525938069728507,-0.007640104343244247,0.03354645948236321,0.09872525021472917,-0.0988878510486525,0.17779675829917885,0.014573269088185237,0.05940042300913091,0.06217475030298198,0.006236951676998004,0.17605618424446434,0.04887468099747205,-0.003933377596309207,0.05978520671740899,-0.06046605287174878,0.10546239808560798,-0.02812737765064033,0.07660994510852567,0.16707445430307727,-0.1487856982153154,0.3303824596960723,0.11129626591958819,-0.0599492059284882,0.0639912713588994,-0.13954876053262333,0.014762986181524607,-0.07655533029192374,0.04952758868913454,0.04295273595989805,-0.024971768400286698,0.10002032122883753,0.06174770541497776,0.07431041596837855,0.05605749136255517,0.027491377316726684,0.1667813109343519,0.033024775709095344,0.020330629589776182,0.05707400527499933,-0.05095393852962693,0.09105145600580444,0.011687525505578389,0.07635207925704084,0.09557792360601955,-0.10153702232378914,0.16880117997846877,0.09326736028721783,2024-05-21
-0.004169302631247351,0.09457426234150851,-0.14417381003101204,0.1503171600481974,-0.015748990891231607,0.029876748027244448,0.09384440690010408,-0.10202367587416739,0.161088711395176,0.018531371139360653,0.05661974301220916,0.05951280983384239,-0.0050525486304295875,0.1661069299369089,0.04458197755876059,-0.009780973603846976,0.06627491633512685,-0.061385545101146244,0.11543988267640914,-0.04160706992722207,0.07172369010691253,0.16214319637126892,-0.15639238242687825,0.3020380735289523,0.1251418566561764,-0.06085116890500455,0.06163803132505004,-0.14020192337369664,0.015642901721561575,-0.08565186992335494,0.06029253986054402,0.03854577654442927,0.0007925231744800865,0.11598711700855024,0.06945043932623074,0.07197763709335883,0.05522227569418168,0.019924538530048164,0.166009616983521,0.041679522494916466,0.018123541101928244,0.05580367367664607,-0.04836043917489219,0.0919637689863868,0.01125677629912536,0.08064976926654428,0.09266568803433783,-0.08748335733107793,0.18482373385201445,0.09691933016652587,2024-05-22
-0.002557852436999508,0.09098327427085723,-0.13194270298963962,0.14748975686487653,-0.009572149024903331,0.03042418228155528,0.0912059781818535,-0.09791018541489371,0.16081510563858759,0.01742480389008061,0.055051332397263696,0.06260937141009443,-0.014054193410152016,0.17046357154742187,0.04582779819811167,0.000616714555072817,0.07935302886165925,-0.06272372571932416,0.1543805749761289,-0.04063307867488575,0.07399400860691588,0.16545912607646818,-0.14280013210325027,0.33400097491433045,0.10903391241068383,-0.06076356097851985,0.06416283584991084,-0.14537202000744498,0.022936919793670407,-0.0895799581094624,0.06309317735460615,0.05079004603060735,-0.016043126876115976,0.1344480306057676,0.06192998134832517,0.06582763344783102,0.05004397985776746,0.012615096351104027,0.1477785617932761,0.04494610805267296,0.01921873738024855,0.06269549059740674,-0.05502690398166732,0.10610064790806462,0.008624806900875859,0.0744658122050332,0.08998673644064915,-0.09207528902024775,0.17250152763791715,0.08764749684086293,2024-05-23
0.0010663208739377205,0.09285178663611622,-0.13417237683142091,0.1524836084302521,-0.009186006268809055,0.026525277856134122,0.08411881847030252,-0.10160699423740516,0.1437947182307331,0.018310879935882207,0.0565493202358317,0.0602735351210501,-0.010591918473708106,0.1695378326720498,0.04365849352572981,0.004163315241326316,0.07833492523758814,-0.04915954824034463,0.15608048947970987,-0.04263718343277656,0.07682619070691672,0.1647461574422364,-0.1427985096610631,0.3268546503682481,0.12277677341942961,-0.0627831360309741,0.06735296317376978,-0.15903929059943767,0.034604326550102815,-0.08464005109296135,0.05969945860305641,0.05183814997150483,-0.02349635502332048,0.13292535815474094,0.0633335440967433,0.0666438444748458,0.04882230115946005,0.01337665434300428,0.14164263246885533,0.042380038437389356,0.01480069348412083,0.061896033811132234,-0.05669464520705325,0.10103377938323632,-0.009279593177045076,0.07717555155184164,0.09122119776737124,-0.09913017420284154,0.1646330332039483,0.10179207625424391,2024-05-24
0.0050782534154460105,0.0947745311218604,-0.1204531490607641,0.1663745587966894,-0.005914168981184353,0.026039776676655624,0.08492100009148183,-0.10106157143285843,0.14720200698871388,0.011888030108984982,0.05546250601305207,0.05904875999104756,-0.011750692953442332,0.16549167827230837,0.04163304104932197,0.013504021940705834,0.08460601163688246,-0.045772238815447674,0.17649240368251684,-0.03875292653468354,0.07445878905014706,0.1649067135059237,-0.1415788018956805,0.3255413323447862,0.10314471369064537,-0.06437816686259945,0.07104937819697028,-0.17505706109325514,0.03707901842094685,-0.07544629367296385,0.06125857849103664,0.05136148630106115,-0.013526317190358905,0.1226086452798043,0.060535254065433364,0.06900894702514893,0.052788236562730594,0.010791234133004979,0.15588422838745553,0.039966109889792545,0.023176165748984134,0.05994670921445078,-0.04745536487742519,0.10950111819708108,-0.004736825568004144,0.07778301988517522,0.09573023058652623,-0.10909967692628575,0.16262448119874762,0.1084859592514067,2024-05-27
0.005960315161690067,0.09536454488042918,-0.1293243322511104,0.16179139486701466,-0.005340161202761484,0.018886798543511496,0.08703850525813038,-0.11682877186671226,0.13215254080144012,-0.001044240347379044,0.055588577720266354,0.05348522895048359,-0.004869440092069688,0.15599550995990397,0.04058090779007628,0.026390066016923907,0.09568080092073047,-0.050666443056957,0.21122899717527144,-0.02564429603337326,0.0778460459910445,0.15946726262659708,-0.11881803813923086,0.3377281196099631,0.08163170337939007,-0.06608597289519794,0.07426982081857038,-0.17702955800841114,0.04000316840631224,-0.0862415022023224,0.062065851077648504,0.05022199779916557,-0.010550697627057404,0.12301896347677133,0.056015757362607,0.06938748758605402,0.05047753023081049,0.023081952740062972,0.1558468816923857,0.03806947763491686,0.021965284560038146,0.0553724783540146,-0.04321261456915515,0.10284461526266275,-0.010357768845855597,0.08668414746641258,0.09789287562299462,-0.10644495503198481,0.16242933030717488,0.1208550706839977,2024-05-28
0.0023826634848705284,0.09238083348001556,-0.11536425605676326,0.1633042015074111,-0.010027107383777989,0.010887070938043707,0.08435793551755329,-0.12348271835680669,0.11144361533743541,-0.009305124910244378,0.0479718883944714,0.052761317357465885,-0.01131487344435489,0.1470256514106072,0.033762837888524855,0.02815039896515059,0.08762549281532292,-0.04522779045000758,0.1967931339352984,-0.0017596802698586211,0.0725408119874437,0.15240100156556244,-0.11070607525932785,0.3200167009556225,0.07436622223040557,-0.06736611182484183,0.076643989525295,-0.1780432059302237,0.048741206244559354,-0.09353692199116648,0.05861857913350734,0.0530949736214471,-0.01780203192116936,0.12295628850658225,0.05249480949488716,0.07117354049645686,0.04848082812381299,0.02507833257685199,0.15325718939856214,0.040094615616504514,0.020390727433338095,0.0530530158532778,-0.039131562503880724,0.10297931361891832,-0.009959376500859207,0.07771849136641404,0.09622534370677585,-0.11208062000414021,0.14862403458676687,0.10894389377061331,2024-05-29
-4.551697257098031e-05,0.09377793549133617,-0.11284184649143636,0.16567700315094713,-0.013545734693861,0.011828531304322598,0.08246843608197418,-0.12231268133544992,0.11348493952816896,-0.004611134773841119,0.04846512283596689,0.06449666364894742,-0.02764505841615339,0.16672408335227473,0.04117605479131892,0.023314516200086177,0.08625457896710016,-0.049814292657672676,0.18898917673841398,-0.0028568764974481464,0.06219033086983394,0.14981540772704705,-0.10780561319846271,0.31169624229711546,0.05354899732855389,-0.06087597249285932,0.07353856615048375,-0.16592721428024515,0.0467223548560074,-0.0881254252664676,0.059215205220198984,0.048108676374931096,-0.01886272696575597,0.11641772662129823,0.05946796288002343,0.07275416937100512,0.0542330030810069,0.02706877404721686,0.16639560381826102,0.03497708250231257,0.018041672940146046,0.05350485719541282,-0.039181937973986725,0.09956997711499027,-0.015715754914045976,0.08231186048108499,0.09270269145564718,-0.10114966944166626,0.14320367287279723,0.11411615671765785,2024-05-30
-0.0009063086030127954,0.09356453483691374,-0.10558086867082728,0.16911752158693516,-0.015562912311206212,0.01893436238938273,0.08690805828944281,-0.1160142290255537,0.1343624766771767,0.006076644935525399,0.04765746680318903,0.06219766745265027,-0.01886748368650759,0.16406835465521374,0.036647506833885624,0.03341399188009484,0.09126725807075677,-0.03644295754529481,0.2100138797201998,0.0019323942990587817,0.0665850430007832,0.14805363448830164,-0.09095538798262204,0.30956268138112253,0.06861607367034228,-0.062382642839775126,0.0802637775580881,-0.17797803520466982,0.04483221005330296,-0.09331064037185899,0.05830161303715096,0.03769561268113154,-0.0028241317924183607,0.09832193081722851,0.06054317370318074,0.07742598796451365,0.05083686168002755,0.034263181847176805,0.1663675649111751,0.04283605047269279,0.01501054405783242,0.05502266696585867,-0.05085070303060546,0.08602763028034,-0.014667219134370302,0.08966468224988358,0.095005627186858,-0.09787394801801685,0.15961166730402776,0.12830535328677395,2024-05-31
-0.004533337993135311,0.08633539041482136,-0.10406700629861942,0.15197509488283467,-0.02407175763818281,0.01992070064091165,0.07932843313703461,-0.11465488954178293,0.11585443157736286,0.017380046954524664,0.0467198866869313,0.058361473736421164,-0.020850118812091534,0.155300162760313,0.03327449425211726,0.03245320207074702,0.08815474840282958,-0.046961959676592224,0.1983192942812131,0.014394326707157123,0.06479230101948277,0.15449178445524195,-0.09088709254174299,0.3281779110694012,0.05036188735101854,-0.056839872600130306,0.07223482646459775,-0.162399266419052,0.03246865444610192,-0.0801577315733163,0.05058029314811696,0.038801150713843144,-0.015706123969041474,0.09324997814787417,0.06672738135796363,0.07806934512394066,0.054629305208045334,0.033390921607919566,0.17145562486435995,0.041092231392022116,0.01879723165456082,0.060489380077276694,-0.06283449448418454,0.09347532342008269,-0.008284670909291414,0.08415194778829042,0.10181946153687609,-0.11464790070109765,0.16443279961187907,0.12218629969305694,2024-06-03
-0.0010773663601539862,0.09121704809120557,-0.10425979119593431,0.1623263667539352,-0.012898906873230143,0.028488180268902163,0.07825763672608531,-0.10238720029261472,0.12123628264363062,0.03315834266808437,0.048260395256704426,0.06270290120205352,-0.024357241330293156,0.1642802469892295,0.03686398070382446,0.038049506225363475,0.08221601627522356,-0.032249126424896635,0.19651113518263963,0.012920224191298235,0.05495733889317722,0.1592326255940174,-0.1196095589005074,0.32471284223787,0.04563621582389965,-0.05439422471387199,0.07794973906412198,-0.16850196927724148,0.04634516671027855,-0.06841074101998679,0.053230137444206724,0.04400409184539782,-0.010401795356305699,0.11334051058560046,0.07055387740365693,0.07739001039435789,0.053576655198771216,0.025758501034128578,0.1687289812207744,0.04410277644301841,0.019817462725222067,0.059344840389221415,-0.06474514697643718,0.0896701645610003,-0.005250879694142174,0.08138950130769713,0.09410545668238142,-0.10407242304509634,0.14935367812722755,0.11161313988986454,2024-06-04
-0.005352043124774819,0.09099502332756403,-0.1040698758795855,0.15356659180533172,-0.020145628624765544,0.030504757641635027,0.07727392124263167,-0.0933038467075693,0.128760473578448,0.02616211010599323,0.050993814302833916,0.059620475235832505,-0.018666216241231104,0.15989585422422392,0.03616525475283994,0.04416297864850387,0.07616471389666911,-0.021157406721718175,0.1898257033398134,0.023424877434933045,0.04184917534764006,0.15387467804304011,-0.12898983429299526,0.2995163046291598,0.03269087088780154,-0.0625372877789154,0.08361560315502302,-0.18618854322041878,0.04946134672383207,-0.07342577486457524,0.05754034048647383,0.04402538562770169,-0.016342608714597695,0.10902671890259064,0.07292737023518958,0.07813452761161069,0.05305104759839261,0.026527422827672398,0.16630113028393212,0.04866410390192799,0.02090587481944548,0.055009792160316,-0.06294160727579612,0.08702599183690118,0.00518805135592193,0.08561905903100187,0.09600453995175542,-0.10272740179228779,0.16559212626399122,0.12213171275808565,2024-06-05
-0.003810909727638512,0.09997353449079653,-0.1068846356275579,0.17487403282571012,-0.036857848012689653,0.0365042355905878,0.07647829493365144,-0.08554794819237288,0.1415000876209449,0.027755174046383058,0.0456236010530612,0.05942109044270328,-0.025232619009367907,0.15255399464802322,0.0329837122109089,0.03685174480114437,0.07368839773933061,-0.034439070098885916,0.17805834813388954,0.01292199478046041,0.03976988976654683,0.15487885523533107,-0.12208409461003511,0.3024005525798612,0.021934785304158266,-0.06304725074654069,0.08674604502270798,-0.18105042009431838,0.06156089995688663,-0.0854504809792892,0.0557185946598707,0.035989742874418994,-0.004985216847994245,0.09388438152281697,0.05899649296882137,0.07820780777148602,0.05431759726378608,0.0281634301295437,0.16387473812290554,0.0440586672129637,0.019453378015048074,0.05627843699261408,-0.06115019865050231,0.09045202172618816,-0.0006694835496435791,0.08403337959642285,0.08904298443505454,-0.09189837296026426,0.15426362089081702,0.11794216894329956,2024-06-06
-0.007482271277291242,0.09960635979769968,-0.11800131945426706,0.1697054122619166,-0.04091611779050541,0.04469801187110238,0.07693005147692647,-0.07411647690360657,0.16114292047768752,0.03780829611965908,0.042364527658355036,0.05781119883282392,-0.033739899654912975,0.14428493583367286,0.038985848455801664,0.04872001158736612,0.07529152041370568,-0.01929948866497766,0.1925343107137596,0.03675000867025102,0.0379861566611545,0.1513672516374758,-0.11682892718893001,0.2986766720110279,0.008124243967982281,-0.06362500215806474,0.08685957239187878,-0.17104949385585055,0.06749737401449063,-0.10407687047644432,0.058801475553902714,0.03769236437299527,0.0033409014176146723,0.10472566287577512,0.05411663690890012,0.08207410950381142,0.058810558604103266,0.029191910091717288,0.18153643777689732,0.04557603480478867,0.02256278378980183,0.055168216691754354,-0.04753902628802442,0.09862991394952991,0.0046579623379632284,0.08341747773599309,0.09230635951164347,-0.09766816870675787,0.16141951147132572,0.11546512487742655,2024-06-07
-0.005418765534832959,0.10170005105425167,-0.11420507655720902,0.17872208333723005,-0.03768821737900119,0.04551556397839822,0.08602408666286003,-0.08415540964431689,0.1787931011810444,0.025342747817898248,0.05006527476770717,0.057422102967255126,-0.026760856155108814,0.14995688731159085,0.04509482738812065,0.05100562868231251,0.08728540616461271,-0.02173964340390888,0.21816429533090598,0.03582254762646109,0.035034460565029124,0.15104981071410237,-0.1175579980981365,0.30117322161294946,-0.00229009838040084,-0.06264780735697077,0.08173032224654495,-0.1768313167739891,0.05591637091378643,-0.09551341143802794,0.06145838314891723,0.03454304166073271,0.017947405505733816,0.10168691646686767,0.0634140468848976,0.08492999755172695,0.060890053202636275,0.029669572498842722,0.18960215410367276,0.04428040282576107,0.01999436454164185,0.05980187859030345,-0.04788657807892627,0.09894766833053015,-0.004734628639382454,0.08610616219135872,0.09720903397309046,-0.10402835833002722,0.1726316174246212,0.12035241284228326,2024-06-10
-0.0009349161108221038,0.10424871833628592,-0.1044452398004937,0.19541237521861232,-0.0348425994223629,0.040225761879311664,0.0875122929389092,-0.08601756378947611,0.1739431932338833,0.016160863845089635,0.04701982672106606,0.06041320537840998,-0.03388459909842001,0.1509297635355984,0.04119639474300918,0.04738989925935011,0.09814787811650878,-0.03561530198815399,0.23279353624352117,0.03142351471272398,0.046540032423903074,0.15820149914335133,-0.10708115311250821,0.33167252632684985,-0.007397116307952589,-0.06035003737418006,0.0812478945800467,-0.17480114050403817,0.054612945552736214,-0.08936137633082908,0.06382590932040619,0.029683886694772135,0.0283321700703818,0.10267175424126673,0.06062640928676877,0.07873202241391435,0.055755434584887936,0.028109362135999794,0.1722378073928017,0.04192248353271366,0.025254571189574793,0.06284322700018753,-0.05266314140599482,0.11435757150225268,0.0020291007682959883,0.08395836271816212,0.09304900886584447,-0.09894664651067175,0.16007164086957615,0.12082768155742785,2024-06-11
-0.0021281332865475955,0.09317778400350397,-0.10609331132728284,0.17087213444177785,-0.0326191380064067,0.04487687799158875,0.0903936379520349,-0.08960256244297071,0.18753826883310576,0.023357656243942815,0.04894459845065815,0.06328456031603835,-0.03832577933504244,0.15780599294422593,0.04293338541505376,0.053197470279133775,0.10100860499672452,-0.03295710234405169,0.2440693072674307,0.04214321866742865,0.054928878307165065,0.17272782208874507,-0.08677119468091221,0.3752048048049623,-0.020861647288219265,-0.06227098414860088,0.07595359345067876,-0.17146835271726635,0.04553682441929463,-0.0905828285646656,0.059750463542826225,0.027904000777001205,0.025260103355647878,0.09250160723323031,0.05546614662139038,0.07917425821484234,0.05672307064629115,0.029771038190840926,0.17440914163492494,0.04175045348165107,0.027847075971831114,0.061342186497734846,-0.04772173860795037,0.11156213528520276,0.002112336673262716,0.09084471791658419,0.0934247513321552,-0.09379267070800523,0.16162782991444402,0.13218758318293466,2024-06-12
-0.0020640647438117552,0.0951267854604862,-0.11233840299326092,0.17427722917478516,-0.03242014519077274,0.047254945613706426,0.08128076416887452,-0.08954379671063817,0.16358026436771045,0.04457865545406636,0.0506774313473453,0.06645427877535087,-0.030896040487322418,0.16903322083672623,0.043080707882270586,0.05203973658745105,0.10208679814374332,-0.03839518212431414,0.24538316440074537,0.0324650234679984,0.051186918570977055,0.16862675821352743,-0.09593075736770473,0.3688664130470709,-0.02147773799909336,-0.06317150128445521,0.07914205838639816,-0.17546263588806865,0.05339226732291458,-0.09025733091034871,0.06284477221565257,0.027467186520648477,0.014131713447053329,0.09054812799014966,0.0643632388283144,0.0793647046486639,0.05867506778182736,0.028595152465047846,0.1785298657948189,0.03859625605643746,0.02750151625173316,0.05804949012903634,-0.049300843996995414,0.09908295085050889,0.017287308863793482,0.08527527928591491,0.10204175400146955,-0.11361115338513961,0.17830742038304548,0.11700691374316374,2024-06-13
-0.007442704147095603,0.09158161665643456,-0.10938762036806216,0.16354312034424057,-0.03481761502592173,0.04733814884484251,0.07988214982974101,-0.08703173432891265,0.16056615587270828,0.04977551441709105,0.049577930973558025,0.06941194280675539,-0.029649697443791756,0.1750242694583395,0.0413426147582443,0.04620990778459737,0.08915753927800836,-0.03820897737605233,0.21479643396138925,0.029556086782708046,0.04929279493895926,0.1782117123009207,-0.10614974888084516,0.383913126567335,-0.01818308717266326,-0.061706255248302685,0.08399718964986255,-0.17469306156583098,0.06294032237601277,-0.08929229779510917,0.056559522170409646,0.03083776231484597,0.0010617160419588156,0.09250287515706579,0.05813789958754345,0.08013627490850772,0.06456647173395393,0.02591947430822894,0.18882429585295424,0.03426214494960855,0.03350878109208435,0.056695373948041625,-0.04375887677647283,0.1072033690302081,0.022249416481112894,0.09224633267954647,0.11002027681245227,-0.1222018696607251,0.19278704719536033,0.12881061311780684,2024-06-14
-0.005207018512860029,0.08647357765401488,-0.1120134953459554,0.1521151082508292,-0.018966280713981654,0.03679687247166048,0.08055582565857343,-0.09974687045249908,0.14885965700910186,0.042832457508886534,0.0477545698637323,0.06948153396510873,-0.031109554982159726,0.17430425292095353,0.034879694400397065,0.049009916759493156,0.08879823005292917,-0.04863052779046484,0.20916074682056096,0.03217487934597396,0.05088343685471406,0.17476266037076704,-0.10717927438732211,0.37643375828682646,-0.010976398448092506,-0.05757123098868444,0.08551944087836744,-0.17558674215026937,0.06476488240376144,-0.08089409325499919,0.055933901608906565,0.02660508177011516,0.008623879433219406,0.08937797207193787,0.06302350498202314,0.08095191888214677,0.06334348178248808,0.031184105219074887,0.1892474155261794,0.03357367004038925,0.037781694420207734,0.05701069923135789,-0.0367567155424966,0.10427480528198219,0.029175527840721083,0.08713018453299019,0.11236405190424412,-0.13375342407720403,0.18237815960973314,0.12931143404552037,2024-06-17
-0.0063988234719882355,0.08800753150127343,-0.11084867451445402,0.15619230799966632,-0.02170814547143618,0.03311783924504232,0.08370732369576592,-0.10733115246295011,0.1526597734831252,0.04138198015678474,0.04339702843069979,0.06699737314606335,-0.01885817524137079,0.16713826648939323,0.030016143519606686,0.04734747616718591,0.08868073013684165,-0.05499065056380381,0.2057128355338007,0.025628012116108545,0.04452044287409469,0.16325859626425213,-0.10221837502862519,0.34814241527004675,-0.022756802444563906,-0.0617409259429049,0.08910130623375873,-0.18102283655810714,0.07107868275474138,-0.09010969834005067,0.06655979910225059,0.027812725062620412,0.014124019420532319,0.09325186476219294,0.07626540937731607,0.08269961055455517,0.06256633283988443,0.030318057619051597,0.18377162714316797,0.035933433976947926,0.03422311216521643,0.061419466048706545,-0.030823887198810684,0.11879536281227554,0.01331107245531693,0.07955652412512271,0.11227335369593594,-0.13811711158721984,0.185030842742133,0.11263529906552594,2024-06-18
-0.00537804492914491,0.08931428357376944,-0.11756971976176,0.15573973569712307,-0.019560949392376736,0.030696437893602258,0.08229647671773037,-0.11447958751680953,0.14156112227918216,0.04548098553730129,0.044069334834882665,0.06884844631222027,-0.022962786561802506,0.1696216882054744,0.03106274078669058,0.0492446919261053,0.09647615613137911,-0.0732201723890703,0.2185756802974439,0.0315179488334183,0.04587609448811667,0.17302972233432676,-0.10543189161076383,0.372970602960369,-0.030665143492811908,-0.057182497003316526,0.08486075116716221,-0.1607332324699695,0.06171966219444869,-0.09537100645236618,0.06400130813824072,0.02539684191298421,0.017151679626054683,0.08685044723477064,0.06944012713122172,0.08097634569078922,0.06026893035144967,0.027901740608379466,0.1759826258212145,0.036767278171081275,0.03521954202191189,0.06461676724436155,-0.03543939049871969,0.13448654502244373,0.014761566026173956,0.08553702812358355,0.11459712234700827,-0.1339916444220267,0.19752686580492096,0.11280366405317355,2024-06-19
0.0003166971484382497,0.09533761817956982,-0.12278081849331868,0.1710379974506444,-0.016410709325479167,0.03374351832969873,0.0901050802901686,-0.1268900207779734,0.15168823503871853,0.054385665882313194,0.0413865275212534,0.06581408944040663,-0.015495533033858755,0.16397974748693867,0.027997939771957414,0.04619648557211624,0.09553264067650935,-0.07965631849311205,0.21084497895832421,0.034315718133444584,0.041372519078682425,0.16009361152065119,-0.11381557564628986,0.3417796589519715,-0.04051008638015252,-0.05638403936722571,0.08451486120095794,-0.16575765144925392,0.06227540899782413,-0.09454132303902363,0.060616881118652,0.0244337700212888,0.017510546227757162,0.08820570890600088,0.06123244010317652,0.08257116323471259,0.061067817323279254,0.025876036493758914,0.1846288315163549,0.04090143998507201,0.03373743298565566,0.06284243479848817,-0.029622850383221766,0.1397508326974486,0.014004941537463012,0.08530821023530558,0.11451538361935924,-0.13535375320605925,0.19745393676262668,0.11899890080668674,2024-06-20
0.0008107398427632306,0.10081368175105321,-0.12827819543233276,0.18242763087760827,-0.023109055744795715,0.025076595079185738,0.08609121697399774,-0.12923338212056346,0.13440037036894759,0.047157650690991426,0.04065633955500649,0.06294191394026682,-0.013537970341046757,0.15928878437783056,0.026342645903791206,0.0462949788305036,0.10136278269703919,-0.07869331751822761,0.2235288726174196,0.0460892938822306,0.039440066756168665,0.15997713958609155,-0.10646467338121346,0.3392341229171454,-0.04397318411872131,-0.05611818704733249,0.09003540241793342,-0.1719100318861635,0.06812624192892569,-0.10182008398860476,0.057411077035299615,0.024945505753866143,0.010690771603098614,0.08282329223108453,0.060451200737221766,0.08681799521819493,0.06476225090859947,0.032836926424309354,0.20237148333365518,0.04497966948199439,0.03436978984716379,0.06429314846925946,-0.027476689293134182,0.14728350845259386,0.015943258231312374,0.08523159903967356,0.11479111133664893,-0.13571110884709392,0.19027515201173006,0.11066578478899447,2024-06-21
0.0025947289797054298,0.10455598792930364,-0.11910219283176182,0.19723212143663682,-0.023676926901740503,0.0334845584812147,0.08544999604929464,-0.12453651337483318,0.13557966396701748,0.05241431898065829,0.041954748648477834,0.06017338929750914,-0.011073986644355549,0.15172888552749253,0.024409149110369954,0.04780839219169408,0.10859887229613367,-0.08396449092088754,0.23927788757149515,0.03534413279011983,0.03197385304096776,0.15758313942785138,-0.1065567222858187,0.33045318714164473,-0.05323312371930389,-0.058556349762233964,0.09384564468072262,-0.17180321818616884,0.06974548039794293,-0.11168042616478546,0.06165375211064612,0.027667116831091857,0.010075259361994604,0.0835696555701464,0.07938943157712841,0.08472125868946753,0.064108089626673,0.03673324667282141,0.2005896234337674,0.04020103601933234,0.03901541133950108,0.059973454921026986,-0.017303897550479674,0.1448888809496145,0.020515389045520305,0.08165540572031012,0.11117601149902942,-0.12733358749753465,0.19963592285242426,0.10212646305060624,2024-06-24
0.004544380905218826,0.11307346703619164,-0.12657056004805167,0.21550094907631556,-0.02510527857248135,0.031169783750235425,0.08699066415545391,-0.13056632099309673,0.13285591576955058,0.04909875132865582,0.045561696954297015,0.06227896268569383,-0.014281028919562733,0.15745685749981653,0.023159792926132905,0.04536482474138646,0.09894490800769186,-0.08064092744784923,0.21552647950150017,0.035539697840243134,0.033615420226535894,0.14897268029527103,-0.10518218834165138,0.3128084934021753,-0.04595759406017752,-0.058895950998696135,0.0984163098952495,-0.18285856421266677,0.06880088413383834,-0.10186229576641537,0.06595719497164576,0.026351405480221673,0.021111930952486757,0.09584179910263368,0.07631036663043478,0.08414121471973783,0.059366134681820074,0.039877118493123476,0.19266925408997349,0.044552092406032084,0.039540309784650465,0.06262965041220792,-0.025862342002583416,0.15154841240863903,0.02274929708967277,0.08667824753008979,0.11133239598077707,-0.12851867180110732,0.18476029037974762,0.12767311257501568,2024-06-25
0.009038469285967321,0.10519648008336467,-0.10667393992097363,0.2079625550269617,-0.018010326168007462,0.028112549417098953,0.08664167610429688,-0.13720706605241684,0.11894825900695594,0.05616634035780588,0.04517872049510363,0.0630219161628363,-0.011025940813533253,0.16084841256012106,0.01685408952086398,0.038704459153519125,0.1003928183804811,-0.08379795201112172,0.21098102542233965,0.02739087294997411,0.030415360863651708,0.15919264177227213,-0.10892950600458118,0.33068876932028224,-0.05464263892804777,-0.05585105647700639,0.09305587738998515,-0.17037887984137112,0.07335974276377533,-0.09820855540712559,0.059681200154230264,0.03503661430913141,0.008504933421458194,0.10805697879527631,0.05575599299823364,0.0814505840085872,0.05947775126151411,0.03310073173377903,0.18720469027121323,0.0418618917443192,0.04105908551805422,0.06301118311678515,-0.02815255583790055,0.15170297191939763,0.02181841070839141,0.0939446451768394,0.11298218278699322,-0.12231460689518703,0.19292729829896205,0.14744357809806896,2024-06-26
0.009621112206925941,0.10346674935917168,-0.09857430363981634,0.20741199474572247,-0.021053552202040415,0.02146284585800573,0.08599134299376453,-0.1441967878906314,0.10710965318726462,0.04662403266035975,0.0452829367070503,0.0659452187762715,-0.012435027286516909,0.169955259020786,0.017201177008614232,0.03346310071600882,0.09555386980851134,-0.09266062987305068,0.1863766892791201,0.03405726286092592,0.03003240018213944,0.15491820497310202,-0.12584760999837186,0.31921981342340766,-0.03926626259167787,-0.056092755704337895,0.09225481886200965,-0.1689754310414885,0.07907424834278576,-0.09759980089784903,0.05270417306021309,0.030785072525283255,0.014043276086578738,0.09243914993463376,0.03677345736116555,0.08028018333398337,0.062005588187401095,0.030126791399625708,0.1892826909233709,0.03637687564153014,0.036360696919209665,0.055632263715673855,-0.026587804642586477,0.1353711457648299,0.019925870197033957,0.09153704846666384,0.11297330943629758,-0.1230461533909587,0.20268163357128444,0.12081735851451758,2024-06-27
0.013074853730350933,0.09620378751858216,-0.09441506823335244,0.19384100602470222,-0.009064374072270898,0.01536010304616291,0.0865294299830735,-0.1473984925885895,0.11077165451394566,0.04095165501170306,0.048583787160233,0.06593859117611965,-0.00822999423528481,0.1740157015986794,0.011969964891406448,0.032656863410515234,0.09879165869416044,-0.10431510258174392,0.187875807411382,0.050109380197461695,0.03309138612820859,0.1570012605466838,-0.12341045536992434,0.3321310516779066,-0.032239227096149015,-0.055001940699033414,0.09940603726084839,-0.17823755657439,0.0821870491992911,-0.10069577658463214,0.05724476727140097,0.0304628318549216,0.02404981735553835,0.10274510767409506,0.039111530828564556,0.08272421680933148,0.05836792446428436,0.036128703893630876,0.18482051063626703,0.04393329488531017,0.03038805085793117,0.05902245181422392,-0.04239885572188096,0.13442065164128758,0.011242999253167296,0.09080458224647155,0.11776074927071294,-0.1303250173821502,0.21418201397371428,0.11851479629274508,2024-06-28
0.006041450622606459,0.096354353737265,-0.09711983457466522,0.18777551371819845,-0.020454909735514337,0.012371957835825476,0.0844920861311135,-0.14526135300360388,0.10742283880905035,0.03085654791444581,0.04282065143178524,0.0621189779032252,-0.017209553205047023,0.1592123198787616,0.013101544707118995,0.02965567652373311,0.11658999619376742,-0.1279939808647128,0.21722258882408552,0.05138473460031734,0.033256740277781936,0.15643440508313242,-0.11987894245913555,0.3281703857318745,-0.026624999723127152,-0.05633791040114207,0.09918607858305772,-0.18951295476310404,0.07758833482920857,-0.0975466183503555,0.06356541678712309,0.0330992153352409,0.01950467548322199,0.10923854877788419,0.060384046824588644,0.07805055108707104,0.05567669178064906,0.026873247563976133,0.17253979775933415,0.04279308751789457,0.03233680115048228,0.06607591102550685,-0.041167243598001724,0.15291767351430807,0.008823583156021941,0.09030245691088294,0.11250437789629869,-0.12064708062277851,0.20887518789201653,0.12492660895781738,2024-07-01
0.003409420105757244,0.09956722512419333,-0.10145058232119941,0.19164293501906293,-0.013070743868963786,0.011110480245989351,0.08844110354803336,-0.15399961434536535,0.11147232691167441,0.02790999119467341,0.04525744377536347,0.06011485376607121,-0.010827129443741756,0.15858268071664527,0.023117781666644355,0.03216561340943127,0.1155027302862742,-0.1056560065152512,0.22841807584129636,0.03873265562640715,0.035698452865599875,0.16969571775000472,-0.1184613510623127,0.35516252118273983,-0.035839092671327455,-0.0614109605936324,0.10078425981260263,-0.1988358657094177,0.07227895449380872,-0.10532256656297878,0.06004875839009367,0.03518768826791462,0.028817745649843296,0.10485501937911201,0.03371514356383387,0.07883185169271623,0.05678504498581461,0.026586266029167582,0.17719857750952106,0.04671705262871395,0.03244893877811441,0.06816830820321369,-0.04913398662811763,0.15614285559582242,0.015306673362816658,0.07630301359385978,0.11004548293790113,-0.1330515335800282,0.17810062124895443,0.09615745211812321,2024-07-02
0.005925395355690521,0.1024047917957557,-0.10064185940500847,0.2004535834687804,-0.016603298122470078,0.013605697751361024,0.08416731264944528,-0.13963520515081618,0.11444159061431924,0.022902476871617283,0.04398442917870129,0.06347872312314738,-0.01834878492283243,0.16338104060950553,0.018962916016570963,0.029552961006445732,0.12251983556114625,-0.10458674799484113,0.2390611052812872,0.04096894115831473,0.04082508650493286,0.17323430435812753,-0.11323276294673212,0.36705898774490997,-0.030477586892320496,-0.05797349724365197,0.09977686593256052,-0.20687957465906515,0.07012418089481764,-0.08840390535004139,0.062242649901623,0.03438485319252847,0.0300292310728405,0.11366155419493662,0.04001162104373979,0.08064091830668021,0.05953708811408669,0.033569306788813646,0.1888850356254952,0.04088697986529777,0.02827839423014773,0.06694915488874804,-0.05459866239726863,0.14820124840711935,0.009752740184970854,0.07693917492746802,0.10984747447091757,-0.12973457186209703,0.17907137631137449,0.09892000082314101,2024-07-03
0.009688320433418296,0.10424920970590901,-0.09485247185285184,0.20670870864572288,-0.004275513973895029,0.008171567603519291,0.08936017691308422,-0.1519614114584934,0.12344363098938271,0.027453615410000465,0.046352086317641004,0.06251251060759837,-0.01807187065163285,0.16458223037169617,0.02910080659871017,0.01662899925502659,0.11445087119573935,-0.10260720866060125,0.20694857808382006,0.02838793742534107,0.047907603601825735,0.17773036998565586,-0.11386799344547727,0.3855075166456645,-0.030160657065877672,-0.05465180792954629,0.09277476989981201,-0.18473443828905423,0.07027941876708699,-0.08515511970646006,0.06571601002754139,0.037114243210793554,0.027045462527478303,0.11617245735710591,0.04795883883794172,0.08209527219197854,0.06472874505300402,0.03206511575032356,0.20095941111702187,0.03820654845816196,0.0289146779317385,0.0618838497819003,-0.05316473668104926,0.13518969378976453,0.009310914285350913,0.07424345509227934,0.11417501125553024,-0.14476623500758157,0.17852409200294628,0.10868432175211296,2024-07-04
0.019608089431409438,0.11116421400162227,-0.07391882730675481,0.23248668888774815,-0.004337536995884683,0.009843526832912296,0.09306685364374973,-0.1526806428501345,0.1369342270142455,0.02126225145736904,0.04500249652009351,0.05679520735586662,-0.015115283284035108,0.15056925209059369,0.039074029776930974,0.011423586559256437,0.12078181823788543,-0.11091531642630625,0.21684341899924853,0.01811256617633905,0.058058938531239265,0.19021572991799157,-0.11435466800255478,0.4184902694787884,-0.011171153796213251,-0.05199793315389465,0.09859738619805955,-0.19505392624880813,0.08604829371040079,-0.07857470490498297,0.055772961694622446,0.04030553258822889,0.016476487218075375,0.10488673481430899,0.03101954194776213,0.07466441875883759,0.06471061598804449,0.027496037141034435,0.19533069375527967,0.03211616815526108,0.02958101555738546,0.060941277205812536,-0.04293955593355947,0.14099164020029065,0.009063183037258504,0.07636466801209138,0.1130551239538985,-0.1415284283171403,0.1785716702652269,0.11629412654888172,2024-07-05
0.02413609211156751,0.1241262107322273,-0.08560454257133021,0.2600959170322992,0.0045934187974985274,0.012353753725368866,0.08963130300914791,-0.15205338185635175,0.11869091838250001,0.03588635381184413,0.04448183242924582,0.05745475953673088,-0.01710885336681167,0.1476129867274003,0.03741901562521366,0.011529194457173864,0.11474957561728791,-0.11070484586112783,0.20254891144745013,0.02224979026660656,0.06825975092646837,0.21113160909197862,-0.10080763925336766,0.4780217183484121,-0.022030703775555605,-0.05057804284927232,0.10195047111507588,-0.20521242735130385,0.0964372863299865,-0.06545008492841464,0.04896980952090999,0.03718054540262237,0.013836639418492558,0.0946946546916072,0.027740299647383226,0.07809474505937986,0.068317289480746,0.028600808472805994,0.2092845967674326,0.0398074580985226,0.027625462954614478,0.06789889827737193,-0.047277764569851555,0.15343134887262178,0.0035976925171132823,0.07685707246743916,0.11062050113549714,-0.13795502741393295,0.17288696430383443,0.1117140368175853,2024-07-08
0.02302519968692529,0.13328871377030932,-0.0883975955322297,0.2775133307911699,-0.0042735473028298054,0.014246078126491568,0.09004438728487453,-0.15198713684243703,0.11285518456266574,0.05148970512007911,0.045702530782114704,0.05754814977916846,-0.009809927689507836,0.1508600732141563,0.03621742969034303,0.01167335646233807,0.11606619986782002,-0.10916951506632777,0.20810990092438275,0.01527479491176531,0.06010199549173756,0.21415343965965933,-0.11200919357754424,0.47206939548610416,-0.03867282521623616,-0.05556856956310978,0.10499793770638195,-0.21594757826168076,0.09671992353312353,-0.06466636787247171,0.04606558612641028,0.037288541025519095,0.005842183393694578,0.09307651077335288,0.027928902475023998,0.0784138234082588,0.06567702258600434,0.0292604203457556,0.2030215562622335,0.037096451271493525,0.029105167911593788,0.06398826000964866,-0.041797885539093804,0.14552706217322608,0.00976221042200609,0.07281385135486798,0.11488086625187552,-0.1466313541352614,0.1775434846381081,0.09643491763703627,2024-07-09
0.022564050133239633,0.1339150861581136,-0.08166902847226465,0.2826160667523059,-0.006982483167100151,0.012878308699026796,0.08554077609778306,-0.1425512012065847,0.10631349779892107,0.04874659992626684,0.046714400198815585,0.05247988688044357,-0.008086970241144464,0.1370061378316736,0.04942035395972422,0.011887320435967297,0.11272724237641417,-0.10230661375868322,0.20373619051094893,0.016941512469793585,0.05918901140020274,0.2104305777048675,-0.11246840872375341,0.46608678725155195,-0.031249441089824193,-0.053101212106312044,0.10643209803550721,-0.22210925893734845,0.08887643468741246,-0.062376996153423736,0.05355024651104272,0.040434864922480225,0.0022627266738561858,0.10311632217163491,0.03965957598183811,0.07681384467931843,0.06478217495691681,0.024771598971278896,0.19778009211302705,0.03593591555656639,0.03580058560507719,0.06279824663392476,-0.0374310838254428,0.14968722658210765,0.023092386809788312,0.08028358117222556,0.11383296307720736,-0.14068794851739663,0.17251428048846007,0.11921203470477448,2024-07-10
0.026485395817278136,0.1324760402149544,-0.08444212232616999,0.28232987959028955,-0.00010417346157121088,0.010675434429483311,0.08453158126537647,-0.13991842154084777,0.10233132453132421,0.04791918169756726,0.04356624407453662,0.05345279667697307,-0.018356715917068223,0.13378745262667713,0.04903542629041846,0.009115551913804466,0.11366799172630485,-0.11166940568272954,0.19129153569571966,0.022948428699477663,0.0745842592025749,0.2049175194612191,-0.09702754926879353,0.47514488045263903,-0.006119682978680152,-0.0470168899477569,0.11654342260358534,-0.23086290737801962,0.1026205147561079,-0.056395549488253094,0.06024883332217912,0.03749587496738326,0.018366749508253122,0.10965128440556127,0.0413917782765334,0.07722481082086778,0.06403507736029551,0.0178328849833862,0.18975772899983112,0.04497387383434637,0.043808348801624965,0.056686951540870424,-0.025786961268388642,0.1418564309866488,0.02904631683446368,0.08043227473524957,0.11397343827566983,-0.13705272826628712,0.17838807467698437,0.11808811344385339,2024-07-11
0.024035075726293598,0.12950993056433782,-0.08439007122737097,0.2746436501865537,-0.011188647797852558,0.011153593935177963,0.08068191943456939,-0.1340130254534232,0.10240226095034566,0.04519424375002923,0.0487674385676389,0.05292013055193341,-0.010232537390063468,0.13798622013470818,0.052312070419305634,0.01301364322620211,0.1159875568627408,-0.11734752895262335,0.19605635004114275,0.01747485597833709,0.08062506504087667,0.2159688026770296,-0.09971351838476283,0.5052635336367195,-0.0076959939011845835,-0.04499977173148299,0.11462101604813414,-0.22316709874447416,0.10415127034077032,-0.0580312055233293,0.06725498561771821,0.03806920312930092,0.029149748912015605,0.12291641428565914,0.04812806698556438,0.08073135341086704,0.07031702065182081,0.017974803493628455,0.20614609978573029,0.04285982593520754,0.04392529614911693,0.054875609036070375,-0.024203089180245274,0.13626722236944278,0.03136625920051683,0.08457954772055783,0.1190106778822045,-0.14436966624922765,0.1814917035001089,0.1203090238502238,2024-07-12
0.029408473144641078,0.13169895873192877,-0.087715483712686,0.28204012176149273,-0.004384739453316078,0.01568728387617311,0.08064087533095726,-0.1272928863573647,0.10995342278921783,0.046268519307195444,0.05167465087206526,0.05437100568340446,-0.008578011840671751,0.13862459175020225,0.05472267479205106,0.009980320927872377,0.11016958804325942,-0.11774884574052213,0.18087538367016065,0.00905023035094743,0.08202924769207272,0.21922560713484573,-0.10710588306049207,0.5113494356193249,0.005113132095012851,-0.04665125703118309,0.11540637104658166,-0.23139561297240452,0.10276608719086955,-0.05746987693308647,0.0755529345772473,0.042509303360555625,0.0217974095090534,0.13440931335529815,0.0600991931241035,0.07713883500127734,0.07034376581801972,0.02101794429903414,0.2056968883279615,0.038515457463843106,0.04202136920432224,0.05681877720877826,-0.034629083644109326,0.13583985969798218,0.03966512300035574,0.09369478325716482,0.11132690978304573,-0.1212201959094551,0.18059408342678362,0.11588057558227116,2024-07-15
0.027885688147450672,0.1348093784734043,-0.09204197899515842,0.2878259474913536,-0.025086422887699245,0.01888557014902581,0.08208595906766229,-0.12893513770850418,0.11657491841952194,0.050712556284839616,0.05126565066614035,0.05235261320467467,-0.008879003247106554,0.13638329720805742,0.04652339557967644,0.015882205775472835,0.10248532927270455,-0.08758154156531772,0.1902889434580921,0.007460508864629567,0.08409422394106429,0.22920879492511467,-0.11966505595389543,0.5314236955760259,-0.003482096332276141,-0.0489881906334072,0.11231047120748149,-0.220834292285096,0.10252242673694267,-0.06189464505578013,0.07496467805654392,0.042746005293648186,0.011463898638148784,0.13426194395047042,0.0644056816195917,0.07618613520482631,0.07251798329694456,0.01702793387718149,0.2101353372881356,0.03743925355753075,0.040252241133055124,0.05457794130607896,-0.02699966279927901,0.13474163072206857,0.035862231700831027,0.10610013290801987,0.11756582470388724,-0.11687571843654365,0.2197430913983951,0.124811409378216,2024-07-16
0.0319993625467669,0.13441602902715125,-0.09485991063059751,0.29000448230645026,-0.014564141958059551,0.012076397747880052,0.08339641525289095,-0.13404671843302507,0.11544129414621196,0.039421851001651964,0.05180270250609857,0.05407916828338657,-0.015013498635640499,0.1418776704301743,0.0508182719188226,0.019516166948563195,0.0983808640424358,-0.08454010287717184,0.18399046043414913,0.01696439113041448,0.0822122407371946,0.23436834211808566,-0.12254787312561988,0.5396896251561778,-0.012727866714897784,-0.03933449896176204,0.11641676768164526,-0.2169182221703846,0.11862439793860435,-0.05574093537286551,0.07599561106812822,0.03778691427525057,0.025673935258942127,0.13180901783133936,0.06490591348747565,0.07488912272205539,0.07597715993094138,0.011073601016589274,0.21279645137231706,0.03551989064852634,0.04077219817456146,0.05514208432123412,-0.029125243140344592,0.13432034386304248,0.024256875225330043,0.10830354686470448,0.1220704560841287,-0.12235768065906838,0.23095544844121907,0.13330087352989306,2024-07-17
0.030989734849344752,0.13636814457513574,-0.08642108586546704,0.2940723802609577,-0.016321470011766537,0.015642065267593975,0.08108983151707222,-0.12494687495438006,0.12476152998581624,0.029947813163409887,0.05501347612420635,0.0567469618571752,-0.00894597218039661,0.15122908699857374,0.05519955744589411,0.010455239207236034,0.09222278502859689,-0.08970713900060834,0.15404391065589684,0.024066138125629966,0.08969026380131537,0.24904779021969553,-0.11319684057590906,0.5789969731403681,-0.019079714079240917,-0.04076157454068707,0.11973847186538918,-0.21828665830648142,0.12053618158741597,-0.05716699853926488,0.06426508637586167,0.0411685903875357,0.01994145993112184,0.12137470620797464,0.04202766667364166,0.07382725544506533,0.07565173186292974,0.008452881448353322,0.21394852530559372,0.027352519389004515,0.03630974831980131,0.05366088261190493,-0.03250423663269919,0.12784818967957312,0.02048984246897967,0.10544515190034118,0.11635916438125797,-0.11591798581914226,0.21178661385357356,0.13378683179473194,2024-07-18
0.03531146000402905,0.14819507731218695,-0.0922364176780407,0.32400465009526425,-0.01441091250076676,0.01544713968643976,0.08117468193925044,-0.12441814673457519,0.12318581248825478,0.026804853958127373,0.058059490479894206,0.0592134618240065,-0.012474400587321188,0.15387177626522042,0.07009809200894068,0.011191384411481996,0.09639994627582471,-0.09714731534899823,0.15635438714486516,0.02257398803305044,0.08433941983583411,0.23864738787364068,-0.11942370715680983,0.5515585730136439,-0.011577098650590312,-0.04696674060895312,0.12088907598676969,-0.22980088076170213,0.10955778647814318,-0.05318631574614663,0.0671959707515696,0.05231910316317016,0.015405250702809292,0.13835487476450936,0.030372864995678928,0.07293488969937675,0.07531999161867677,0.012927331063684822,0.2136106806257141,0.02576162749265065,0.038283237269931235,0.05513938995157121,-0.027877189589572415,0.12963935519095737,0.03184148740156734,0.10720103211519276,0.1232328329534355,-0.1305850754560257,0.20864812674488697,0.14524822436879847,2024-07-19
0.03309322545375835,0.14424955810462045,-0.09116714833104544,0.3125803617926579,-0.010990682629224535,0.01541939202178022,0.0834570023790916,-0.1299700594291191,0.123427737844648,0.024271421266017335,0.05636865783794156,0.06151699613547712,-0.008241951248856072,0.1611361607005115,0.06198484168527507,0.012362188521489181,0.09935417825274805,-0.10626010451678658,0.15273092253147702,0.03241927625793384,0.08048693012542678,0.25096278795360105,-0.13154801207525857,0.5733782391298543,-0.01958999103706438,-0.044186536917593354,0.12224103470076242,-0.23090389037058867,0.11210956058462407,-0.04498009020575189,0.06844476176672151,0.052687758101304355,0.015124739945764798,0.13588181965192514,0.0414930977680501,0.07554318892619008,0.07749417286148925,0.014413609061298738,0.2209967133418973,0.030921121849300848,0.03815787845499541,0.05676063970175324,-0.0361341680471724,0.12828993856534932,0.04295633960009404,0.11396275255744785,0.11844918291765684,-0.10897535577835149,0.2168449689793268,0.1352108912230232,2024-07-22
0.028551501803829305,0.14435363204457743,-0.09923547004874578,0.30742990461725683,-0.012607799323704594,0.012533090231554734,0.08271355503940872,-0.1386879637479267,0.10621840114893,0.03430571847941222,0.054793135972331486,0.0584190753934788,-0.00833065335865446,0.14934102319292397,0.06656592440892961,0.012019605658608623,0.08615262107715822,-0.09845602328121938,0.12385455763193987,0.03763664762521124,0.0939638895121208,0.2616138013562864,-0.13259651824971874,0.6066518333408899,-0.010813905205470542,-0.03966346359738608,0.11616020342769237,-0.21858577935094625,0.10296799804541745,-0.03865236681964457,0.06799501213650068,0.05043839987444699,0.017036367357421645,0.14283276583887194,0.039006796110029995,0.07335425101869779,0.07306006671257516,0.011997536719964952,0.2088030784505963,0.03673682145881085,0.042445065191795736,0.05637217115639767,-0.02990716786091341,0.13534952016942614,0.03618413538192189,0.11463977419982867,0.11624787011296711,-0.10345261856464583,0.21778398735996163,0.13733763285754597,2024-07-23
0.029566996500017463,0.1540179541274348,-0.10226305744342845,0.3292232053727968,-0.02158989650917309,0.01544632537730466,0.08737674672687545,-0.1475368835623897,0.10755519652715972,0.04520325735266306,0.053203328717615836,0.062486648279504,-0.015530992467572058,0.15798942728826115,0.06450310727069031,0.011515847510650023,0.08667353278445367,-0.0993632212392801,0.11876326156333539,0.03317950204111941,0.09347867966029508,0.26434367554684046,-0.12817400016096425,0.6136146139011143,-0.004320189341270542,-0.05013831137017875,0.10741343609744913,-0.20926958039162147,0.08987411079790109,-0.05454667140346281,0.07192997696091216,0.04963692888591321,0.020661242300354266,0.1488294588367458,0.05340350045103914,0.07213854708422085,0.07619764257765281,0.008309576634067506,0.21439769547176168,0.041468755470175145,0.03980552756810209,0.059294658922631444,-0.04062287505113593,0.13705652252126677,0.03286856198469246,0.11162371825222439,0.11620513676146858,-0.10642169652854094,0.21507229537685135,0.1353302947090791,2024-07-24
0.032016457188663264,0.14831663479161775,-0.09922130692885456,0.3199009414231766,-0.008155414796231497,0.019766452449941973,0.09014717330060212,-0.14696531825363401,0.11477868938406832,0.04154722466560301,0.05380493291584454,0.05888274678833292,-0.02190078858030975,0.1483954007940269,0.06693085417952549,0.008400117840626086,0.07949010472519331,-0.08808271749121677,0.09235533650232819,0.03339161507577715,0.09469245420829622,0.2691796188020295,-0.12641538329395874,0.6248573875546517,-0.011139971740452781,-0.046123134985883454,0.10462365209708886,-0.19948497610029825,0.09352159854444331,-0.05944175331528545,0.07357901949828718,0.045871307578718296,0.025387572622869614,0.14186928643859287,0.06599687777881669,0.06948832707920297,0.07470096581641174,0.006612393273286221,0.20917723359496643,0.03560778553429067,0.037400996119722696,0.05818623663978204,-0.0447036507617079,0.12784510853327524,0.026315922888846766,0.11188536210550093,0.1192531251389757,-0.11361260778585303,0.21943842236912636,0.14886605887500748,2024-07-25
0.04332404441049744,0.15243035414966877,-0.08784404684158065,0.3398088761523228,-0.009603410618211794,0.016512185419873093,0.0920839000755181,-0.1531930687784091,0.10668390731613142,0.044547347229182854,0.05597899281953349,0.0626623099268913,-0.020868791692317257,0.16038371514361116,0.06554144373081261,0.004553334229902561,0.0827608646202894,-0.09777849078176504,0.08487202855675813,0.04436003635417518,0.09691097676906639,0.2705393725707798,-0.13390276169707238,0.62791143018684,-0.011020226142896328,-0.047321853586334936,0.10329811861219268,-0.19494359241749115,0.09009914140154329,-0.07200320686674899,0.07547110624563462,0.04295879938290993,0.021863411053236748,0.13883494266899743,0.07832562495145212,0.06739577481100638,0.07970266967613016,-0.006088936600971762,0.21664202807067512,0.02896224161540273,0.039511398663146416,0.05994514920919336,-0.04134680270272584,0.13031200068909254,0.03399741046142446,0.11494930389472406,0.12060288634099699,-0.10639513174281601,0.22325117372717473,0.1461426073774339,2024-07-26
0.04745866374414125,0.1567102799133331,-0.08512528871936376,0.3523786624208276,-0.01241073435557849,0.019916792590917675,0.09071614900591798,-0.14953749325623755,0.11007988096885968,0.05391435423123081,0.05372120014201036,0.06041646725650545,-0.023970059095257068,0.15706273317890718,0.05802593628554087,0.006546666509224019,0.0854306455190084,-0.09700359760555943,0.09968134314023991,0.040434969580905644,0.10233711039445499,0.26857617570571896,-0.12686112085805357,0.6283533206105227,-0.010210366437630292,-0.04563590652840881,0.10148343580754388,-0.19299177755803132,0.08869693478821317,-0.06599756848233418,0.07424991984618412,0.04243061204979001,0.019404117359229645,0.1310787928968653,0.09400591045364326,0.06580250186058152,0.07935792756856805,-0.016374956964134157,0.2101399395415955,0.033512147302045214,0.03953797553117977,0.06074139360995004,-0.031424149651083644,0.13123303421889254,0.028553039269460845,0.11754690161209287,0.11984093517518231,-0.10455746198777494,0.22746912312478318,0.15041937628295554,2024-07-29
0.05087139049352922,0.15629796395881604,-0.08178742610877521,0.355443015199558,-0.0067475988813709975,0.019330203559568958,0.09395693791203781,-0.15664741157388407,0.10828352676396968,0.05290160649087716,0.04875277529310897,0.0612782284255392,-0.02902340323917929,0.14741492778497678,0.05937271554935952,-0.0006886820853409193,0.08466685659747158,-0.1080807428975401,0.08821321210284361,0.033285556387095294,0.10392741829772076,0.2709933892175535,-0.12482507171812351,0.6335195039461727,-0.00942169726271147,-0.0432472002694612,0.10555109988613962,-0.19113102782975655,0.10114634455952021,-0.07309397729481348,0.07134090346487883,0.04045974787133292,0.021917856658270285,0.1265119158037349,0.08942774885776039,0.06361917991111248,0.07944226615898993,-0.02375019605504758,0.20556447602874317,0.029539929412562893,0.039735156174241705,0.05466996565077134,-0.021919248775664202,0.12420538547222026,0.025529267096775943,0.11284971511655044,0.11536252937390026,-0.1044119236259553,0.21196980712993496,0.1352159530593462,2024-07-30
0.047041779034210585,0.15384527745507248,-0.07906067605800626,0.3472299256191149,-0.013414611698363998,0.022560281876820576,0.08668887920852791,-0.14236219720009957,0.09907435383625929,0.058160101404067355,0.04550672824788362,0.05863036142554636,-0.024956499218950712,0.13543785276660714,0.0627303914254771,-0.004925474836518751,0.08089455073161521,-0.10223350063962933,0.08055572715108927,0.019273930951102303,0.11265557675185651,0.26304503471654994,-0.10962603796341586,0.6247098578248051,0.01355961321933341,-0.04273175724814602,0.10139429822638568,-0.18481305201298215,0.10224942323154473,-0.06768732000882027,0.07045716269206034,0.03544248223677808,0.020232717887936236,0.1143478616042839,0.08936829438866845,0.06546793607585985,0.08000708855430343,-0.022051521517383432,0.2082328833476461,0.035692148045778804,0.03637346777572832,0.04889705481426225,-0.02272815410575768,0.11396327852581356,0.026768492056492565,0.11084769620126726,0.11482434281115932,-0.10433472886344419,0.21061758105934558,0.13540747432559685,2024-07-31
0.05162219819886269,0.14603936162310327,-0.07299144952586167,0.33328286723588363,0.0036701762720590114,0.024447624088277296,0.0932119835521849,-0.15113430150581753,0.10899046153542336,0.05000970200071286,0.0418401964773291,0.060940327091914694,-0.024539903683580166,0.1371589706419869,0.055088047685015296,0.0019335413989550521,0.09008731660378003,-0.10617294790057341,0.09877596442369851,0.025642422346993765,0.1031157975679103,0.2508010568163691,-0.10650315848370306,0.5911583812627854,0.006510803515221264,-0.045009961455450796,0.10077488646532823,-0.1836567094072452,0.1008350448727422,-0.06600133772413819,0.06909712902118392,0.035841687920749196,0.019020664238615925,0.11751037954086874,0.08071853827537412,0.06530523647163025,0.07873537969517208,-0.02355043715003957,0.20452581674176473,0.03297390285483526,0.04171021982075418,0.04709368489327478,-0.020494144110241308,0.11084762174937479,0.039568647495871634,0.11462441614058798,0.12282188837686064,-0.11477738451126751,0.23617596267808239,0.13703759497042367,2024-08-01
0.04580542079665848,0.1372954321575349,-0.07486022833390504,0.3058439138136646,-0.00013635040105997032,0.02837839367548487,0.08967967631930517,-0.136215291897534,0.11420047751079743,0.0479799393793352,0.045034751974427724,0.06400964839842055,-0.031541057931803174,0.14316750370258946,0.06325701843651643,0.0012527738477745797,0.08748040394723962,-0.10754205211424972,0.10138667690408831,0.03775883940276614,0.10080255251182105,0.24803208973657886,-0.10635414050713166,0.5816420523160455,-0.007888066877145272,-0.04438267677980372,0.09312119620037076,-0.16829390571010416,0.09785064710319791,-0.058759399398563894,0.06997064762454688,0.034734039968150755,0.02755504337495429,0.12442794244219413,0.06531918612608689,0.062291084946390976,0.07785619143668134,-0.024873088424490875,0.20142475338212829,0.03156728146720922,0.03839690933778479,0.046156705531894264,-0.01931893563571596,0.10867730622795602,0.03452524901936682,0.11773790978725203,0.1179458711908907,-0.10376542384990561,0.2386426386011471,0.13806466145685548,2024-08-02
0.04606821630551885,0.13937949947793415,-0.08718225909769906,0.3061172026316983,0.0037342203105914518,0.02623279410587247,0.08401311005468974,-0.1310915351906221,0.10107188957985014,0.05093375845701309,0.04535290192432084,0.07110146043522075,-0.032930707097551526,0.15461581514975475,0.06848790549092132,0.005837418511774417,0.09068218318773293,-0.10615937733235314,0.10370377941172992,0.0512310019435005,0.09973663865557483,0.25478903964178384,-0.10847230166529775,0.5923440635164494,-0.004867416810580227,-0.03849775974976657,0.09420180796276963,-0.16375405570428192,0.10964904637215867,-0.04822622128088305,0.06766996777628789,0.038946193220436576,0.007897633814450078,0.12107030366075922,0.0778607538209033,0.0628523674486912,0.07677241398685108,-0.02444363655957482,0.1982018587324077,0.029528783829744665,0.043341277896361795,0.04806857844485011,-0.018931215622140285,0.1165657081511795,0.029077056497751164,0.1237163726606165,0.12153400394150975,-0.1078172627848667,0.2377699838544094,0.15332726512756745,2024-08-05
0.04286451889832545,0.13324454018099505,-0.08698661212795478,0.28852475353265206,0.0016457965866516489,0.026360661190063483,0.07997215647713958,-0.12485976165101809,0.098477485391397,0.04948407923949083,0.044771969989349916,0.06412389456472505,-0.027593165975681067,0.14427911175306285,0.06382398842681747,-0.0005590781674309486,0.09921969199232361,-0.12284666984587311,0.09615954881264743,0.04587111836198088,0.10885296302428733,0.26440765146710477,-0.11215419274542038,0.6187300515006866,-0.0017965598344578115,-0.03293101211924034,0.10331287957291482,-0.16125157762887243,0.13618827200826122,-0.055625838458225996,0.06878344823193765,0.04427492151488765,0.005038369916410934,0.13446218231056206,0.0786956410722035,0.06629569764830916,0.08444412514510251,-0.025004743238896232,0.21895721014638192,0.02719476834598944,0.04143574050966732,0.04871626659885131,-0.02040465226110666,0.1190996961385582,0.028271436336360534,0.11611611957425336,0.11685502361761761,-0.10893215117283295,0.21763600088500068,0.14229675168299072,2024-08-06
0.04588233805187743,0.14380726497649832,-0.09542895704028642,0.314671850050916,0.0035658616241303065,0.028830995639372237,0.08425979113540055,-0.13242619321110127,0.1047585809419096,0.05243497408514952,0.04707382592140981,0.06981377932006175,-0.03072330315941374,0.16303998804797315,0.057846020378211405,-0.0037522884853472107,0.09576519925418092,-0.12553106049318608,0.09228937796036729,0.052467255371760446,0.11314750061448528,0.255192212940811,-0.10996891345998838,0.5966814701952603,0.007074200664320074,-0.034207747511548335,0.10568012088182477,-0.16965534320244646,0.14159219212537066,-0.059966949573174944,0.06842401150101604,0.04002275352260367,0.015816893499399187,0.12769478133858425,0.058222278788905735,0.06725654148750185,0.08544959045103735,-0.03398880276649363,0.2183637397993894,0.034265577544565495,0.04363070789816299,0.0436338817671215,-0.015762840040355552,0.11115099106387705,0.028196598110809212,0.11645155665363263,0.10820690713802446,-0.09113108437863515,0.20745848063815897,0.1569290568386157,2024-08-07
0.04502172801510451,0.14354454336889075,-0.09697767316460626,0.31454935229470626,0.001105681055527663,0.030204742555327256,0.08186097875469417,-0.12220720095547466,0.11153466980708449,0.05180217491581107,0.04409941868988761,0.07096417027687389,-0.03630684779531923,0.1614446212050058,0.053597182618081884,-0.009049002007193007,0.0916291822539265,-0.12491170405660368,0.0818050894175848,0.049130802927667805,0.11000163510654645,0.25592369828888606,-0.11396964906730356,0.59402044662432,-0.01686031453642145,-0.029276915892997902,0.10572395913061025,-0.1589291961395911,0.1550773020445957,-0.05799852814679807,0.0644008188717868,0.03509975106035837,0.02244844971855997,0.12147087626378039,0.050536967566317204,0.06789832441497731,0.08412770250595424,-0.039778603364233,0.21026517439563785,0.03689022795789554,0.044720272400562935,0.04335593326122426,-0.010546309518330133,0.11142552528941585,0.0253660763151331,0.12113633614090198,0.10789181057183511,-0.08650204520730498,0.2144712923674692,0.15917063368759066,2024-08-08
0.042735797983173354,0.14295924290043413,-0.10641977192826546,0.3070397395208959,0.006629059045167196,0.03489394858037069,0.08796724755430319,-0.13216723936088293,0.10759769895887361,0.05467980809878181,0.04066316144694511,0.0708040582044012,-0.045264615094449456,0.1530623207027848,0.0529769556626325,-0.0026715799944768024,0.0898734740480555,-0.12007030112549044,0.08416978842717904,0.061420826754418956,0.11138618618985086,0.2558174390332788,-0.12110813219797278,0.5951579577727579,-0.02008554204189006,-0.03197872457810123,0.10508453324628872,-0.17482989658590442,0.14446706815142618,-0.04714166017814658,0.07020419355850013,0.026285242993527295,0.03486140789104275,0.10787464642854672,0.07388630069856217,0.07371362505503976,0.08276347997817678,-0.03454198753312332,0.21228794012271424,0.05620023510695127,0.04151259511375074,0.04703179895278189,-0.016874019683790764,0.1109658968252829,0.02118346725299758,0.11687158202429607,0.10756946313829792,-0.08851332893712771,0.2100005247724721,0.1503195266296653,2024-08-09
0.04386928983871097,0.1455584638227971,-0.1147534307559025,0.3117064110085308,0.00769472098587709,0.04244945244892499,0.09490966216963806,-0.1362581263661713,0.12282096800334918,0.06007682011297155,0.039907538960078884,0.07304608932845354,-0.05227923880174046,0.15567029226138285,0.05346490986839747,0.0019465809427558379,0.0892151921507547,-0.1165357964788245,0.08805469994585091,0.06141263050622503,0.11097357698639738,0.2468425289916044,-0.10661393458033663,0.5728061198776935,-0.01843968336156465,-0.034686807895999136,0.10206352036127253,-0.18149844475682642,0.1272890291011648,-0.0506154171639841,0.06886386904654293,0.022350389181029703,0.04021060891694317,0.10164981524561845,0.07140052060652913,0.07487533540651532,0.08336886572920907,-0.0346509707960424,0.21299441433593347,0.0608999058473243,0.041805371377842813,0.05170134976863574,-0.022953009206346464,0.12168452690128673,0.023761371985354218,0.11692812543207612,0.10823945306935563,-0.09073421003728788,0.21885229065827128,0.1555324646914198,2024-08-12
0.04475409553814165,0.1445352776204757,-0.11818120569997936,0.3055063798421127,0.012901826216417778,0.04537042606396742,0.09199066724359217,-0.13045281192527536,0.1269100499124889,0.0716563659048286,0.04100030387725373,0.07250057387593148,-0.0501973274302675,0.15947827094392486,0.05384728496171576,0.0036304517405061133,0.09298732715432481,-0.11111697990779756,0.09275849603563335,0.05353901356101454,0.11035370904065729,0.2401542236158998,-0.08745406923299992,0.5563957294276509,-0.032124691364886604,-0.03205463464089089,0.10751591642495606,-0.18582626772297095,0.1380105517311876,-0.050792657228022065,0.06580944514029911,0.029856077659276736,0.03414855986655896,0.11930400224258819,0.05144434841174905,0.07373803827273429,0.08025708330168625,-0.028592214483448397,0.20824746684400264,0.05732298382715095,0.040363709679770564,0.04979996524228722,-0.028849049161387086,0.11163838962933759,0.02856028933568644,0.1217858992519111,0.10956179747903817,-0.08597802067031468,0.23210025790305955,0.16688581400718006,2024-08-13
0.04379787973244886,0.1454659117372227,-0.1316390314615069,0.3020221502967513,0.016193447039738906,0.05026821757023101,0.096443178252711,-0.13083122088833443,0.13239757899390736,0.0801497068478716,0.03915390431548584,0.06984148683295353,-0.051813143738611234,0.151211828380434,0.054567626984258766,0.0007936895614796269,0.08856607310447115,-0.10968394793668923,0.08974365663732975,0.04303151558727447,0.10783276293364556,0.21992997020484517,-0.07532267715235241,0.5060637328928668,-0.0250864090233619,-0.02871360262128466,0.10775359494896153,-0.18719130792932004,0.14269556781279147,-0.03699454749491271,0.07097301638948314,0.025430021869357767,0.05180358806516128,0.12061191077862854,0.0630899318043543,0.07086908076596876,0.07554660718000024,-0.024074615873363014,0.19476050583325843,0.058215642313105276,0.04047428117097562,0.047800366163502486,-0.027234755617926543,0.11351475274780198,0.030964616643880616,0.12087304910564634,0.10597706978064715,-0.08287857073359495,0.22421963009988066,0.15268946197883615,2024-08-14
0.04694250374691276,0.1447580065857619,-0.11603899946184426,0.3045203365541058,0.014972708325518447,0.043261345058108455,0.09288338022481306,-0.1276884033403075,0.12807002710398874,0.07232911301878509,0.038289434529398994,0.07066729409745041,-0.05522788920088573,0.15235801108635427,0.04879209664930273,-0.008204849462968311,0.09004190756083924,-0.1175881503250692,0.09642239945085285,0.032346558021651095,0.10118976541965774,0.22210386715788127,-0.0795774430244377,0.4997000474751958,-0.033137902093876126,-0.024896301036763657,0.10646888489105345,-0.1780778126808661,0.1422834498758696,-0.023941749675614354,0.06788664172488837,0.020686222993427036,0.04650349320629088,0.10551113938332257,0.06646156262759284,0.07042818674965927,0.0761293431219886,-0.02283735233472095,0.19563376471771243,0.05859402654482837,0.03595504908484755,0.046765068888319064,-0.035476317623211684,0.09644379338082132,0.03791040226795017,0.1184526790357773,0.10157644869032713,-0.07725109644006523,0.22004909820922558,0.14924624641048512,2024-08-15
0.05187804700340017,0.14233333865049091,-0.11098645102657645,0.3065877353421509,0.02714392186178416,0.04160465440688841,0.09535315390102914,-0.127909886143022,0.13966984244469471,0.0574456029144621,0.04081872699573075,0.07416263602431301,-0.05525323579705432,0.1658952417302364,0.045347482027940034,-0.011468910453858028,0.08562966624165703,-0.12247455743153424,0.08981333141101833,0.030930033466999074,0.11389795253707391,0.23002201752600773,-0.07990508446658295,0.5380627013345267,-0.029858687577656307,-0.02118216849171233,0.10753296303541528,-0.17250357096586388,0.14366369305522175,-0.025817927297434262,0.07525359213847027,0.01667856484172192,0.05517330016335209,0.10516537787214442,0.06962029557398952,0.0743727907434393,0.0778740146803239,-0.020261038573195056,0.20287291260432605,0.059590055964137356,0.03351068559902861,0.04454791440390586,-0.025604293021489588,0.09641184606932218,0.013313988242656727,0.1209912869441753,0.09341615940892188,-0.058093418885975634,0.21582069605649945,0.14516148198973378,2024-08-16
0.05397317021882524,0.15028190176787107,-0.11362906934660078,0.3226480874151767,0.03330690812397674,0.03533929668385414,0.08943897652117955,-0.13126764070890318,0.11805891709884908,0.058236897864000436,0.043245003342244195,0.06919456316954924,-0.04662963972871248,0.1591572120778617,0.050601402401893036,-0.01006402866392735,0.09343472321631943,-0.12725651478550548,0.10796517701449249,0.03727173506812176,0.09919594719209604,0.21511609767950346,-0.0906316300672172,0.5012845254471354,-0.02452591175446639,-0.02294332561819683,0.10962633545739875,-0.17713018485026832,0.14901954863791733,-0.023150948192057763,0.07671157745593664,0.014032056713531797,0.05004944246548071,0.09163827358205179,0.0806291462740969,0.07377792430114619,0.08019195412895899,-0.02386628444094563,0.20326652207789175,0.06045850951570042,0.03999708874068577,0.0435925950490042,-0.01574543074240442,0.10322589352403844,0.02088444853734228,0.11606199272189088,0.0935560216421892,-0.060365560087665804,0.21666782167053888,0.14752042107764574,2024-08-19
0.06047132434498055,0.14335337227363354,-0.10188746988035369,0.3142503679988151,0.047962190341637845,0.0352354395338351,0.08927748504069628,-0.12852138918264688,0.12535133126066333,0.06248254750656623,0.04572936189588228,0.06952399318099041,-0.04392608609023996,0.16535133357133924,0.04813110800556797,-0.008477793888947361,0.09434750278683664,-0.13094466664412552,0.10508478066235316,0.0440067657756571,0.08875990256141211,0.2203396161133416,-0.09651650075806406,0.504755889058099,-0.0260125558563975,-0.022131890024798494,0.10253593213979294,-0.17050348417074768,0.1335473762516235,-0.009268349965630307,0.07806359231058688,0.016825818825302607,0.04538563761291159,0.09105556252282931,0.08468418140939682,0.07466917709981799,0.08282168723515876,-0.021170953626804434,0.2108516730592649,0.06202079085969947,0.042559912418317115,0.04183164444250303,-0.011690974765150242,0.10392436439712283,0.030761409880441848,0.12128132079243889,0.0890617613214858,-0.04462698423304001,0.21940752182354983,0.14843543274950477,2024-08-20
0.05635416259226285,0.13874696516527754,-0.10266363507247867,0.30023517814704426,0.04937855398637203,0.02869920074759793,0.08611650189631186,-0.13560974122783176,0.09559899798729266,0.06609471396182598,0.04587075600606198,0.07212447636361297,-0.044918949144425624,0.17183298124566515,0.04142082583436357,-0.01416978981889092,0.09082990628908781,-0.1266870157867379,0.09153039998793955,0.041685684720358385,0.09222701133464961,0.2266123988250192,-0.10851703094298881,0.5156547789784447,-0.004221195904692943,-0.015372762396882367,0.10425009518440785,-0.17126185312953157,0.14085834208908676,-0.007661908884197377,0.08215325360920107,0.018230232552509735,0.05166056952345799,0.10256925872471956,0.07980281839954961,0.07316591323711004,0.08302728604401731,-0.02057438577297077,0.21157663026802354,0.06187386725927824,0.044867210418850556,0.04538942426112199,-0.01959070649867578,0.11028076975019685,0.028855971837313588,0.12005118711408029,0.08301760211909709,-0.032077083321494615,0.21050407896732382,0.15541250722652244,2024-08-21
0.06585281973014576,0.1457292069809717,-0.1020341357648451,0.321484882118819,0.06745903150413435,0.02913991042908799,0.08752943273110683,-0.13284542484090867,0.1026776644381453,0.06765139273505194,0.04618466019230729,0.07499518435271026,-0.048152775132930814,0.17708659615146294,0.04040832162862218,-0.004128111413864821,0.09782359546171424,-0.1268575860409834,0.10225777743615039,0.04395028620816621,0.10371611247798244,0.230865162051027,-0.09900466204964709,0.532415878193566,0.00896046633928127,-0.02048399813157169,0.10582162207186162,-0.1772802128382308,0.1393680878198469,-0.015339721591738908,0.07363969814326135,0.01965102402957752,0.04032129502406545,0.09999105872701097,0.08016090882064453,0.07111179054782615,0.08239530912226405,-0.01604986046037804,0.2093505451978963,0.05362294018164593,0.044795145926564015,0.04502406169010327,-0.011490430440463606,0.10505221462917125,0.02780682793834699,0.12139714319133277,0.09265651648485887,-0.048550860228075976,0.2236128742289214,0.161102922819244,2024-08-22
0.07026998326944363,0.14344417131738035,-0.09231953343283794,0.3257001645391746,0.06758922691405611,0.033636772572833526,0.0877984744524246,-0.12759863861133014,0.10920764096274138,0.08227530130726435,0.0501779658950295,0.07882185085082667,-0.044615542052917845,0.1913308166284735,0.0462120630275169,-0.012718220338523767,0.10117252168227933,-0.1422003514032204,0.09209374436968543,0.04417513041109311,0.10456684020755683,0.2345418144665103,-0.10180714457076112,0.540222061686791,0.002856153285552221,-0.023251264051911757,0.10277137564130501,-0.17734796063463687,0.13196506614796188,-0.025460636385930213,0.06720046046855117,0.02360590046524132,0.026709917896473367,0.08806550557081061,0.07855978185912993,0.07035638122903101,0.08253652344034744,-0.010307846200719673,0.2143829399477215,0.050448819368584585,0.04236108155501435,0.04650139728677227,-0.0124514506734541,0.109238493491568,0.016130411526938504,0.12102146007566712,0.0893941897067845,-0.040582431045251166,0.2284070943992229,0.14990598144503497,2024-08-23
0.07329777689875747,0.14949042318054667,-0.0990004281718665,0.331589417839236,0.07760073089082287,0.032164732408944595,0.08295485743585403,-0.11610367720267767,0.10737579311255385,0.07993237291381572,0.046871797943461836,0.08231135736211823,-0.05460756120448973,0.19204091350097197,0.04797305880224445,-0.011821640019346802,0.10231383671281913,-0.13495121318453962,0.10749336120766007,0.034151226874000296,0.09861877100789337,0.2409224298768065,-0.11628753684673165,0.547051125472487,0.012168029528467628,-0.02353434870357878,0.10630521734463363,-0.1865529089344995,0.1398105644230725,-0.028676841751190674,0.06648098849190398,0.028356973098057865,0.016329132187394846,0.09214340029907953,0.07784012821656017,0.06918659747282671,0.07725509675317596,-0.0029544852682420464,0.20638945976324163,0.0540621092792255,0.041960984980862294,0.03928920714365636,-0.0006508895042858232,0.09709256567964597,0.022790533424634773,0.12126782739250379,0.08304492391815838,-0.031014289566923314,0.2206299696623406,0.141546301839804,2024-08-26
0.07321429195921932,0.14546361563394036,-0.09830565881427511,0.32468721050704463,0.07439175956550836,0.034855976655756814,0.0799426709267077,-0.10966336697044399,0.10430091051636015,0.08356632628439442,0.04429659364552074,0.08288133218678534,-0.06591266632768422,0.1867702274703016,0.045726180757036605,-0.006675784091968983,0.09977507009814124,-0.13056735541023634,0.10410895572246726,0.030210060109805426,0.09182889687637177,0.23246260440783928,-0.12168122477742849,0.524286485612391,0.020089899765552754,-0.028090002071450893,0.11028420671323894,-0.19546356662494913,0.14334764786062015,-0.035249747923710384,0.06722301991537524,0.026360932450129652,0.026567583366374325,0.09542799815045577,0.07929875968769884,0.073531592103159,0.07244322076776853,-0.00048172278148239656,0.2041781213441809,0.06133489385300517,0.04352251821987925,0.03854840316761905,-0.0070646188793885845,0.09165761198440348,0.03233808151043238,0.13675244416061888,0.08453627738928185,-0.010404465097606175,0.2503813462723443,0.15296715258106341,2024-08-27
0.07825591991203544,0.14540356832623244,-0.08646480656949551,0.3260518502568832,0.06659397585964899,0.03635931836566127,0.08114330327992662,-0.10323255935384978,0.12015782241902406,0.08095186176077496,0.04541447970913674,0.07998169207483859,-0.06294122706851701,0.17989300980871192,0.05456666691737655,-0.005962516469550416,0.09880672872164913,-0.12701800470530245,0.1234469270313614,0.026520491578298167,0.08658146417102686,0.23626008344978144,-0.12479503098775202,0.5292848748129513,0.01233190389095351,-0.02354423498853988,0.112382069937923,-0.20420827706342215,0.14667632668194397,-0.018075446326231703,0.06976171300041747,0.03549353774784019,0.004488731475558616,0.10081637811520405,0.09133825921057315,0.0683195290701829,0.07535028634925975,-0.0018535520303638586,0.20778902631923257,0.05490501810972237,0.038530742126783424,0.039043427319696615,-0.023977741554492282,0.08531575012996329,0.030051677174854907,0.14235192097398572,0.07666913275051111,0.008364147037848602,0.24508294706076694,0.14723571456102924,2024-08-28
0.0753364852032894,0.1458061971509198,-0.09493706232496057,0.3195065301524387,0.06433915284200764,0.0293239788078244,0.07299134309422588,-0.09728903747602813,0.10339891696772496,0.06839453551257546,0.03885043962118582,0.07624154190192557,-0.07367540733943878,0.1608122953643325,0.04766131167321963,-0.005663188244091355,0.10105014803007217,-0.13297718148950366,0.12158674561128646,0.036736255270102935,0.09213070708614146,0.24491333593537057,-0.120272118234235,0.5536965481674765,0.008882493248091317,-0.021261019079055178,0.12287503007584365,-0.2150995817104968,0.16792048557892025,-0.011069542764894913,0.07053640447628189,0.041142291446236115,-0.006747735279837852,0.1078687129998781,0.09281168014100949,0.07088391710249023,0.07781112722503628,-0.0006899778128209855,0.21222695882653286,0.05992069844681791,0.035419588569558826,0.0331504921800689,-0.024426647368324783,0.06640528775842447,0.03749373158745706,0.14488687820841553,0.07797787011201229,0.010296933488381788,0.25327296210235395,0.1489244756806869,2024-08-29
0.07402688446076575,0.14562769713579454,-0.10429487531194581,0.3074982104832129,0.0557295335477892,0.03156740707090955,0.07791622923833585,-0.10811224438395728,0.10312814543886062,0.07296318060143614,0.04132356286618266,0.0751291270529169,-0.07282940299206453,0.15854086516632915,0.04008057114685304,-0.0034257191060543812,0.10345010135855014,-0.1342524820243839,0.1295128667077321,0.04937061611421001,0.08684873163173013,0.23893173314912444,-0.12408706573103545,0.5299921145782807,0.0012677704481114382,-0.023714678164490643,0.12382901489921683,-0.21962526929887793,0.16320081027419708,-0.015042022443235048,0.07638256447335964,0.03600923444959599,0.006435120754894275,0.10427018031179536,0.09185490986242595,0.0677083797599423,0.08067412882808851,-0.009256861287434526,0.2103580418211315,0.06128216077365223,0.034800619308530865,0.02947631268107453,-0.01790679769675274,0.06255037691872878,0.042202180741290896,0.15039360872039395,0.08300787392356244,0.004878665740088328,0.26348927135500433,0.1589105826696502,2024-08-30
0.08308975935926925,0.14597188908873096,-0.08851643279438248,0.3170363560891809,0.069667598702432,0.0358599025155093,0.078595869131949,-0.104919199675644,0.10203789254390472,0.08232166034618094,0.04073588791823104,0.07358919637950075,-0.07436101684795493,0.15220162334843734,0.04352665775377873,-0.008070297655629588,0.10466872185870356,-0.13963393264535162,0.1260185702408907,0.031348855712081125,0.11252123989644443,0.25333672813590563,-0.10581484238395233,0.5859333442718104,0.0024751854919133898,-0.021267064323528272,0.12920714034060038,-0.22607087551773675,0.17406682886703795,-0.00790486799532919,0.07836004783032444,0.037958769326576526,0.005220247727148353,0.11626474841814294,0.08986621373731918,0.06889750495463073,0.08107212486311251,-0.012118862635714933,0.2103291518818713,0.0670914015207913,0.03632847125114882,0.029110771262209015,-0.013312479784141296,0.06833401483892776,0.034143065362791436,0.15756321178809057,0.08217488387464907,0.014412809181430397,0.26841250596317057,0.167392341191555,2024-09-02
0.08453708956399639,0.1393408736226193,-0.0870978365807763,0.3004395655841119,0.08104673998121803,0.03109948665527369,0.07334356601894987,-0.09863359944654604,0.09576639227755313,0.07396122797427518,0.03929574783565852,0.0715455560638604,-0.0707760627210351,0.14907322441813942,0.04231443839754956,-0.008471484416746278,0.11128470075853267,-0.14888103427302535,0.13294329290281626,0.0367263671088196,0.10915312628386287,0.2553691062741936,-0.11532679073505303,0.5885185539871567,-0.0006088902696506082,-0.017407212660931193,0.13652729124037835,-0.2378736410732456,0.18331635115931388,-0.004671351319396333,0.07990847262246241,0.042073278403576025,0.002593386169811751,0.13130348693625438,0.08742041331989503,0.06609404240534367,0.07927852796188971,-0.0155576828549846,0.2023477201492354,0.07111081304443956,0.0325743817101106,0.026332069671579757,-0.008420375806763802,0.06605136561449143,0.037593372661644864,0.15997804559811804,0.08520593016283409,0.014126711182261609,0.2790939880085692,0.17608680713643365,2024-09-03
0.08580151016731523,0.14155172906879251,-0.09108007446922317,0.297118088018111,0.0896497500292277,0.031457003420317584,0.07480990546715216,-0.10385580052638466,0.09906125698770918,0.07054268529569585,0.03880560223621983,0.07421401797728061,-0.07032693999355077,0.15576641556831583,0.042657655855518284,-0.008020998697829618,0.11200055452809952,-0.15059706179657217,0.13744291555461774,0.032371343655644313,0.11146591481702292,0.25736466034883115,-0.11465806040122195,0.5956995222571815,0.013311514584700479,-0.0075144166262037125,0.12875292634348617,-0.22141873578547944,0.17117245218997001,0.012837959888400308,0.08111742681244909,0.038456423563147074,0.016709859884627365,0.13663909938986096,0.08512326868619424,0.06679824423878819,0.08345963468408155,-0.016910909845722966,0.21189065833807863,0.07227390350706653,0.0330395541658419,0.03463017777270382,-0.018816347741528516,0.08009855597954396,0.03697461831003945,0.15861844474083772,0.07525313661553287,0.027431622677522416,0.2583399959978372,0.18040052155939534,2024-09-04
0.08358255817113555,0.13908471654846238,-0.07948090493722759,0.300841621408648,0.07931361461024178,0.028238500649735078,0.07732319162425484,-0.10687260871899751,0.10220435013732576,0.0732699871856739,0.038580893734426636,0.0757029948122415,-0.07426528928104359,0.15566731699293057,0.051640513299224367,-0.0034079153800297356,0.11287652237784868,-0.1435949755252075,0.1449613305787727,0.041191636121695296,0.11015607006753278,0.2536803682923562,-0.11040001458028414,0.5872633117114807,0.025174628937264965,-0.006365790881389577,0.1329573906298879,-0.22966047750105312,0.16973125594874072,0.015576404602603233,0.0806303261344247,0.04405146399304256,0.0048850766995440775,0.13617322179585845,0.0962210353829418,0.07167577287030487,0.08457337015111074,-0.010178319898189292,0.22223393314673934,0.0734298730697236,0.03111492702880423,0.038897736213741485,-0.024050661094651704,0.09343093291402771,0.038858835535758196,0.15507615304234307,0.07835152076936736,0.018281052905568584,0.2616107491170878,0.15987901846567842,2024-09-05
0.07690260156771758,0.13993154204076874,-0.07521079981149303,0.3052001309978365,0.061456435419722455,0.03559145107999051,0.07294430437161566,-0.10103600915928623,0.09796803006424537,0.07747228552347019,0.04225608788583259,0.07608879412128199,-0.0671081934077955,0.16449218569257806,0.055696458540544835,-0.0013611466663389748,0.10894999376480476,-0.13111964208401738,0.15373250215398793,0.025881817364285187,0.10858385944040923,0.24283094189702414,-0.1146539175318978,0.5658722503882869,0.03536279465408998,-0.008414791143563005,0.13254845635072604,-0.21946406186111977,0.17499984236085409,0.020035912701222625,0.07931300510695363,0.0384832043616813,0.01151267727088734,0.12111790863677596,0.08392244451906383,0.07243224923890237,0.08213050743314376,-0.0087639045342911,0.21849635737857764,0.07401915996164932,0.027797605233396073,0.03862625438428392,-0.021612253369871604,0.09222364352326218,0.026827678105503905,0.15411534759398596,0.08444467398551261,0.00580027326696908,0.26422657803093275,0.1696756063104814,2024-09-06
0.0819251022183091,0.14318763272589616,-0.0783190545707646,0.3229099762012517,0.05988127566493184,0.035845935712180935,0.07145355497794055,-0.09435064538335514,0.09469547978326887,0.07570746299420184,0.04195285589843478,0.0786299153905895,-0.06682958044272191,0.1735346656589396,0.04914275623761899,-0.0007883123524560443,0.108713067079946,-0.12511509925305342,0.16087436391151844,0.013442105713877828,0.11066864098926903,0.24996302144480806,-0.12353455665418878,0.5789174060202682,0.044769082658304704,-0.008649769015995146,0.13126528423890835,-0.21454364456648245,0.17394368981229213,0.014178756751512367,0.0766335443845797,0.041717440965599616,-0.0011811461183975913,0.11743602867442848,0.08068852861720766,0.07379257994348457,0.07841318608065975,-0.0060375255524343086,0.21424872175185738,0.07313741549225572,0.02470002282239798,0.03518578771807048,-0.020016588551330705,0.08005089747327077,0.030109209776815637,0.16210937193811875,0.08571626677223262,0.010760155212823808,0.27156520105503446,0.17133807714054372,2024-09-09
0.08526087547145374,0.1398228549626733,-0.07977233949775442,0.31963535892404726,0.06149111273480412,0.042685528891985604,0.07489202713559978,-0.0951608966773908,0.1049409905768095,0.0798316923162028,0.03972531568398696,0.07717127320954684,-0.06993166554982522,0.16571507935360463,0.04715268315476151,-0.0010024669482670667,0.10485664339944321,-0.12124320792131416,0.15369926707092496,0.016963347339274293,0.11403042766255175,0.24974220817399315,-0.12388834024376372,0.58887481370497,0.05108949743715874,-0.011787904239046788,0.127622151234301,-0.210640002630622,0.17485575899233718,0.009696626043869117,0.07847207558904415,0.04111103650573429,0.0008701483153645828,0.11606800940506301,0.08336286871260024,0.07243859482435541,0.0803802820870002,-0.014080927974299717,0.2164451141692938,0.07461596752872013,0.021319050887526038,0.03361796688240128,-0.02293026092664352,0.0756182667719989,0.02864716075838536,0.16855739063325154,0.09183272969686046,0.012589557502892257,0.29472671550326535,0.17683169984138924,2024-09-10
0.08932764988834471,0.1357646501036419,-0.06877104821854207,0.320752164483483,0.056488989197329253,0.039526276185535905,0.07428678889755734,-0.0957033719931919,0.10239937904964114,0.07918159551862036,0.0370072671027956,0.08044408183721648,-0.07594140699361585,0.16859047587442988,0.04847026165238222,0.0036529137181226636,0.11030582058072778,-0.13128217836454092,0.16437717569887167,0.03881483659820262,0.12152564529799148,0.25803359849432594,-0.12589313202712982,0.6102865031895477,0.05454970936941739,-0.009665183547217172,0.1262500736820021,-0.2160552716487163,0.16103851871686703,-0.0010023530221972,0.07823382988048136,0.04067254455172383,0.0013323881832951745,0.11490733626532035,0.08566086677392892,0.07349933557646811,0.07997730936714935,-0.01170858268887831,0.21856631437350216,0.07026926601180028,0.020494822163565286,0.03028367319957193,-0.01733131795107945,0.06666118302744728,0.02087546282423336,0.17452534625070895,0.08494786711253147,0.029739197216281932,0.2886627770148007,0.17856691061479668,2024-09-11
0.08829603376506875,0.13557742742571513,-0.06602754840856262,0.3173452525641405,0.047741397668090046,0.03180140236117894,0.07477399335644978,-0.10820498827548797,0.09164624337522631,0.07797720400223773,0.037227445855402164,0.0813957095230848,-0.0791049566059191,0.1672146577516973,0.04354498448796629,0.007423010989693024,0.10390690125080164,-0.11524615915646752,0.14823960399849656,0.04800921762585908,0.12890268619998646,0.2555287654058103,-0.120224516774185,0.611944167591894,0.06825728200106185,-0.013156021021542563,0.12475175411333629,-0.2150616283102612,0.1554286161082168,-0.001066368072242474,0.07498039402752026,0.035876348172172036,0.008439186453451875,0.1153470244317858,0.0815246991878491,0.07790044974217154,0.08142680199225362,-0.0056232453541198435,0.2249694072586248,0.07509650047603578,0.020723047207572964,0.02647612213721656,-0.012939681871896869,0.06065928162790146,0.028858362952339345,0.1753159235607638,0.08605881067980271,0.021930919551326866,0.2824814675711511,0.1845866991804488,2024-09-12
0.08975140797298378,0.1316845360010593,-0.05503908037248695,0.31919393726320977,0.052312928232526756,0.03845417887850098,0.07778947444669301,-0.10436512463537806,0.09647409306054544,0.09137315471059115,0.04093893242373274,0.0826430649029308,-0.07868221149521026,0.16776127534132956,0.054005489706931975,0.006440456958387108,0.10464596714044025,-0.12883969812477913,0.14272976387303604,0.05839859547074355,0.12896871093581871,0.2552661944004347,-0.11670639976983022,0.6133121945730695,0.07271038356021475,-0.011012242297861042,0.12736720665811074,-0.22120318014032114,0.1651003472130248,0.004110997085125634,0.07878090843432309,0.03554131801143575,0.016187920847430037,0.1197617398794224,0.08004058435753736,0.07922170270357569,0.08381135981075861,-0.007855867303961372,0.23310991658432112,0.07156380006063623,0.026129361690884402,0.026615588861445126,-0.016098351408383338,0.06297031712345524,0.0339398868337093,0.16961819657279276,0.08540486176336218,0.01654574957678534,0.2730862063316779,0.19576516639153074,2024-09-13
0.08903215301588621,0.129599736598185,-0.05077891094760878,0.31443572442206524,0.06303739747996362,0.03990018289509252,0.07581331896912535,-0.09894717577706935,0.10609885601573565,0.08558720267451214,0.041908452360189544,0.08547873479755555,-0.0803060104267751,0.17211772450797458,0.057802129983967276,0.006071600941260402,0.10998180565902337,-0.1278747767865578,0.15023072593013387,0.05471368650765496,0.13058613694419513,0.2529887443055394,-0.11118289453590269,0.610554957983704,0.07702764004495788,-0.009055318299443726,0.13190038129735654,-0.23139756771922504,0.16530957195313656,0.015609580118304045,0.08110354748190138,0.039984448326546684,0.009483377014219752,0.13201405169475255,0.08737612739044365,0.08297893299751109,0.08904423027775939,-0.008849947216500786,0.24504879302085691,0.07542122457106526,0.02856211496700143,0.028702128516968944,-0.0177780889518252,0.0619210190106505,0.03940830440508014,0.17103704471229034,0.08061202776330635,0.02461328703170018,0.26409952310853235,0.2024749773181711,2024-09-16
0.09187300041395799,0.12192226144246521,-0.0410729591071648,0.3042197018046895,0.07326437032808242,0.038729193813987386,0.07918189009847687,-0.10765734712185238,0.10499674383758517,0.08094881858096303,0.0404301327571414,0.08900599756616062,-0.08222823636991061,0.1802435970107117,0.054202140904498375,0.003374316317260706,0.11044212953767864,-0.13685934042510417,0.1558318675350201,0.05170235862632566,0.12184068992707323,0.2500198238073295,-0.12738350778689178,0.5928503660575468,0.06636883196633248,-0.010289434652748519,0.13475481646199328,-0.2333810001412736,0.17200912014319147,0.014112197247814207,0.08007387910326699,0.035129106020662076,0.014015826243257923,0.11936505708298095,0.09072037099071606,0.08391862267435916,0.08434778451271022,0.0035357992568521013,0.23796696357452451,0.08075871144394631,0.02959403930741733,0.030927025072447472,-0.024130147668629198,0.058155421891968206,0.04204282096640277,0.16821843382503915,0.08163756175589029,0.01685722808625112,0.2583711198958287,0.19368488356939673,2024-09-17
0.08653834086170058,0.12435660019354625,-0.06101416993449138,0.2952937492797296,0.08128812306753441,0.03629607562469175,0.0743436102764513,-0.09622709049909972,0.10708921316917719,0.0803678744655727,0.03487010722171395,0.08808159706056157,-0.08855787814042004,0.17205875973752538,0.044115452241844766,0.003041934825201986,0.11043423332703327,-0.1322036744058671,0.1559919721206644,0.03768163166416483,0.12569718680007758,0.2519587695721838,-0.12128549393889954,0.6004413937513036,0.09202696218754669,-0.013615610581895421,0.1415148507329422,-0.2468914008202987,0.1735108531387628,0.003982846774409188,0.07991732943184311,0.03488938399350101,0.015155600828136828,0.1172881541628199,0.0874936961737558,0.08432455383959603,0.0834208343474646,0.0041280346521332945,0.23644950346744764,0.08048630129467016,0.037457927750182904,0.035101408610915395,-0.02727067809911221,0.0710568747898861,0.05459742284735092,0.15325773280998636,0.07885120300142416,0.005678195884038173,0.23953149144721753,0.1806291108317084,2024-09-18
0.07985778280619513,0.11943383132767688,-0.0671706955892637,0.2760979140089901,0.07530575890301883,0.036073324401088146,0.07685493984116984,-0.10462822444572106,0.10213554674190761,0.08423536660105713,0.036487963490823436,0.09138956655570286,-0.09473062117816267,0.17149025508375293,0.056653638226420444,0.004443332527264965,0.10845914490789874,-0.14504078371541418,0.1479154455568168,0.048799855684917626,0.13349338804894323,0.25021477791748015,-0.12456318360090457,0.5991404473833679,0.10464667726276922,-0.025893352322466458,0.13945037473191238,-0.25600916175606747,0.15974120526762303,-0.0007862777001196308,0.0836867402265713,0.03732414912832072,0.013775893125968608,0.12333203005126059,0.09246808668035933,0.08911118048905112,0.07988351512022329,0.010131359510173965,0.23458066757373341,0.08365487585334885,0.037700898865582054,0.033967803125369525,-0.027730247632061222,0.06444957681314922,0.051360548958196306,0.15003542598124162,0.07778488616751063,0.009497718085473617,0.24802023702840836,0.16928790891951162,2024-09-19
0.08434978420476438,0.1189768324967441,-0.0630517509234042,0.27952340265322007,0.06922389038455501,0.03362977883934826,0.07297291914352946,-0.09835586769971472,0.08931233547750583,0.08394411471521313,0.03639628267614146,0.09476077369377833,-0.10082352022805796,0.17192640501172707,0.06172051939781187,-0.0007865201195951021,0.11563015182567737,-0.15467939316674362,0.1584669994363963,0.03587373300791308,0.13919778685353998,0.2533622671563694,-0.11500942879575748,0.6101266319655456,0.1153455132566299,-0.027352947604523205,0.14159989716866814,-0.2650601818487335,0.1630893550836352,-0.00963293992929537,0.08227075291789032,0.04004034856588583,0.009380929598450605,0.1269715767006241,0.09571584286869994,0.08896351583005413,0.07785954291412751,0.014464478090950195,0.2339986602699773,0.08154841403815571,0.035822343808750025,0.033605809996580485,-0.02796992714205726,0.06454169040701752,0.04339618037087045,0.14881362104962254,0.07921767201504293,0.008636560577820696,0.2552528661224789,0.16164701837811135,2024-09-20
0.0881328928629875,0.11992144769547507,-0.05906080952887727,0.28807226535839114,0.07732227754711851,0.04426351916561051,0.07363986660424485,-0.08895859637184078,0.10692287151535496,0.08912052824045436,0.03717075914002155,0.09117995759624885,-0.09563678262223396,0.161188295071373,0.06252907610623137,0.00574945009293173,0.11755619787423842,-0.1456697918386266,0.17466885641396313,0.04167052273942673,0.13937470889454912,0.2507663961010668,-0.11459830653609726,0.6057527592419334,0.10076461626568523,-0.027082372517225183,0.14065019327468306,-0.25851515476800135,0.16310259386514558,-0.01419647620031994,0.0797051168537279,0.03532725356260635,0.015672560788790868,0.11395964255708302,0.09765229870827952,0.09218133204971193,0.0789764337515485,0.014980150011390858,0.23864032067902818,0.07743510846500024,0.036564261842488,0.03467164245915966,-0.02596010579467034,0.0764444936935349,0.03700597345573553,0.13933385708925689,0.08643561859810386,-0.02390092718991077,0.23433946453765309,0.15841137811620865,2024-09-23
0.081455938589267,0.11948972342225225,-0.07548078585545082,0.2728866212000809,0.080146566894858,0.04311102153865165,0.06842078739247176,-0.07973689926015237,0.10664640527954772,0.07934248454447834,0.040851432260235424,0.09427136172389969,-0.09276962558693658,0.17517513179585698,0.0673905901313645,0.009278418280016121,0.12056346785060235,-0.1440756676994146,0.18121587132776096,0.05791612561649906,0.13345380000097365,0.2338719657765755,-0.12724232204824348,0.5620646767411512,0.11763389030355409,-0.030078472335308536,0.13936754478906616,-0.26289969228774646,0.15129991156767653,-0.002924656275059556,0.077427383142567,0.04178794765280587,0.0042428988052289895,0.12417139207277339,0.09231035383548125,0.09386685109855,0.08191758819985617,0.009195328571733663,0.24475371409357427,0.07988230576047539,0.04295863393891797,0.04300791375007946,-0.027236595787497486,0.10317265331355574,0.045956850174449615,0.13602218763863838,0.09041589584612386,-0.03408343359847665,0.23510154968350427,0.1520727422088506,2024-09-24
0.0763857232984557,0.12345314759216089,-0.0760804875805583,0.27779143776799975,0.0817062425855466,0.051449488089907104,0.0685304046049347,-0.06890371589799305,0.12293247979037836,0.07478899061257938,0.04451027828898861,0.09241450857696915,-0.08484113407415439,0.17793146529367387,0.06869097723950901,0.0068827321232522555,0.1162533547256927,-0.1439175260481459,0.17481125110650475,0.04183199713833452,0.13083659273313017,0.224849760740204,-0.12226264086535465,0.5397440776678673,0.11693788725449261,-0.0345197608348623,0.14000884614029843,-0.27108197162089587,0.148391063299816,-0.007127247537707548,0.07793236567232305,0.046576990120438845,-0.0007121592422000278,0.11775531504590275,0.10476846655940153,0.09507144696083913,0.08267049949743388,0.01493459262851915,0.2500912629151133,0.07310211506975417,0.043983939816381844,0.044079391515118,-0.033850726140084664,0.09887299347088674,0.06020367237346447,0.1421873737645694,0.0900956412254476,-0.02754752028410934,0.2409325124238506,0.1706109042909325,2024-09-25
0.08033266919148423,0.13298429855342744,-0.09756973124412538,0.2910643406795088,0.08208055012284543,0.05263179618050799,0.07322499641865918,-0.07800233241927834,0.1227454144943061,0.08035620944847577,0.03958492874611332,0.08960992796517159,-0.08987170500943764,0.164316841815761,0.07300504836234833,0.003639677877298175,0.11352419114115764,-0.14659276622971706,0.16739994084063614,0.030249293908098496,0.14338994449353698,0.22666812723301208,-0.11886150151622898,0.5522178771802004,0.13994519551794227,-0.025428259231643137,0.14652680642996083,-0.2672224999622741,0.17134423922485653,-0.013114192649122502,0.08834529605675327,0.04836415099031129,0.009662168259568782,0.1419032302363321,0.11190138828008256,0.09408231008148311,0.08472005802640838,0.008544517046554345,0.25121430341582895,0.06632166906672454,0.04625225199584624,0.041824624743877804,-0.027558630393164307,0.09272011587432383,0.06412059878417709,0.13970972648281005,0.08513832165111666,-0.018666876257658838,0.23039220842273989,0.1682863758223918,2024-09-26
0.07491076576737152,0.13452267335812018,-0.1008459763822398,0.2935576181092392,0.07002763634338516,0.04968402435532497,0.07199624456770375,-0.07704728423862517,0.11837622960286032,0.07107735486826017,0.046980537988988956,0.09511804014283931,-0.08884907481932891,0.18422316426768748,0.08114645381067054,0.0064669884710566675,0.11605197811720484,-0.13555498514848496,0.18095298907624424,0.0016204486294393305,0.13416326234246767,0.21399633888662817,-0.11962651629799625,0.519795908732376,0.12729360280590218,-0.03234477829558038,0.15275460328349677,-0.2701244933027649,0.18959279909592963,-0.037553269083701935,0.09045897616350826,0.04602459837829132,0.018820697184272817,0.1431881041512002,0.11161228269376533,0.08966772959479394,0.07786075564941491,-0.0013258405091127745,0.2287120350883598,0.06737970571367669,0.04947493844832387,0.040705777502172434,-0.021981141591676634,0.0966005037094042,0.0639794832446472,0.13261811663235284,0.08433852648432648,-0.02495865335009828,0.21825088640732937,0.1660516717028,2024-09-27
0.072586355113571,0.13471067760370337,-0.10062607438262527,0.2918459147417136,0.06498551144774867,0.05169619665525096,0.07052892016371529,-0.07401128742688579,0.1201640910394397,0.07270331595084034,0.04842418528664068,0.09295335176019733,-0.07666655831687419,0.19007529193758166,0.06854317597562165,0.003379833384271569,0.12093755899364979,-0.1556480374565996,0.17045544517072564,0.02294712752971728,0.13093521372067407,0.2178649949779435,-0.12675900279771424,0.5212494404749024,0.12985465670254182,-0.03291069499774864,0.1528913010995728,-0.27384347916669327,0.18791654094761068,-0.03197719332929749,0.08463912354054126,0.049941704937973605,0.0051643603433373375,0.14063896242016605,0.11094191487144212,0.09048146885030106,0.07851705727825699,0.0021718590851336206,0.23252253386367094,0.07204640456754818,0.048048374517173545,0.03958647960774184,-0.021182935541276926,0.09200578535396975,0.064294379553828,0.12824081668018653,0.08716461198719652,-0.03842093304475391,0.2098337658978422,0.15279787774585607,2024-09-30
0.07632188397903077,0.13691904067971497,-0.08550984566346476,0.30728401083785384,0.06395775756145627,0.05089644796150481,0.07098715126340972,-0.07090608262454612,0.12532742109318784,0.05545762518565489,0.05110059373694329,0.09025149522774668,-0.07300424978689324,0.18756150366820212,0.07410916772755449,-0.0006647390435063239,0.11811451746890718,-0.14964904777815402,0.1705330442096089,0.010119033837994174,0.13791117875076117,0.22653158774412327,-0.12640845801422051,0.5425548319077729,0.11960707164569362,-0.035383855457729464,0.15392481534767283,-0.27726281253109464,0.18561324936093615,-0.04337088661376842,0.086966404534044,0.04953573211139871,0.008134377079424882,0.13423414548579804,0.1123897458070875,0.08923946995546032,0.07753597179677763,-0.003859126963951298,0.22613829667556717,0.0660211072434822,0.0447283350101912,0.03879544253164948,-0.02189690513723863,0.08377078540080829,0.061155684262792054,0.12645150430914787,0.08817887780414128,-0.04435836251670322,0.20799531207341238,0.1518318575594566,2024-10-01
0.07229489259048713,0.1398016864798707,-0.0751944613683071,0.3131562276940485,0.04890090914645073,0.05413424901431914,0.07178750159072553,-0.06873430462492724,0.1266069710075588,0.05597547223498811,0.054133986611592855,0.08905919364712107,-0.06967082671914049,0.18807435518721838,0.06447459849884929,-0.0025358484582733267,0.12170243576465492,-0.15874214923656071,0.17241906063053558,0.0051123128464900525,0.14552077647163986,0.22382319459383546,-0.1283947823445487,0.5415700944834143,0.14017508649504462,-0.03384905267605176,0.15437079910129495,-0.2803788532124465,0.1877004659148831,-0.049746026686673384,0.08025810984099539,0.046301001820574825,0.006895884286759024,0.12302903162965118,0.10793042157600374,0.09025171982901666,0.07668217731507987,-0.006327358051580134,0.22341245739378546,0.07345774666921967,0.04670063438135015,0.04300709183861659,-0.026461161109474385,0.09321260177885349,0.07087039546269347,0.12296195963987644,0.0890213694354047,-0.04179054646052738,0.22059442565854903,0.1309547474527526,2024-10-02
0.06589597385038592,0.13767384017531173,-0.07746126764885941,0.30761046036933415,0.051885410449815206,0.056262091169837956,0.06635857943372936,-0.053776627414269806,0.12631036905786397,0.05629013127105997,0.057338513231379507,0.08878846839275034,-0.06097902563522717,0.1907209471374629,0.0555578055125423,-0.008466820088696324,0.12405705237249676,-0.1667575285065892,0.1765923271264469,0.00876630638466569,0.15120374982797002,0.22249770070696578,-0.11485002488765994,0.549781936837864,0.11720851643338381,-0.03179377705237383,0.15515397205872122,-0.2760723009959756,0.19273454027526604,-0.06278658936343973,0.07743662697715292,0.046109141267512685,0.006659964068085555,0.11903315529557434,0.10563451437732341,0.08583910690303218,0.0712284894427588,-0.0034346504398993227,0.20617887841145133,0.07413587192504578,0.045512706977378414,0.04488890833077548,-0.03375468948443494,0.08866970943284413,0.0674619618101513,0.12332151910479391,0.0912274525165736,-0.04059194917115594,0.22472974968641513,0.14237356996045647,2024-10-03
0.05907429841634484,0.1283744143969097,-0.07014410522289116,0.29274310158906025,0.04682270046434556,0.05583546823639816,0.0685975614484576,-0.05933222168884622,0.1303061042809761,0.04643002310311739,0.05647577438311442,0.09024931485392397,-0.06680281666335197,0.18935193952348728,0.049477871914673344,-0.006507049153412936,0.1321873044035502,-0.1651376641373299,0.19414825213001063,0.025107937625050036,0.15363015163188581,0.23202653756446662,-0.1410144534090917,0.5602988819121499,0.1327827246966491,-0.03345263645925558,0.15628667796474785,-0.2843242201763895,0.1888696535361949,-0.06363784437636577,0.07479980214431041,0.043310877121084744,0.002529767258530935,0.11321366541317857,0.09933053563661098,0.08847375534799026,0.06783770262836851,0.0032997464981008306,0.2015723448791651,0.07387540523595826,0.046423115240210346,0.0434960364341544,-0.03154767701142169,0.0891527726611987,0.06648331129813068,0.11834010264728675,0.09994911725376576,-0.06175055001230867,0.23270248049034215,0.14775455240868784,2024-10-04
0.057171257892571534,0.12252316025608365,-0.06015164787217642,0.28464764186173586,0.03897750528089161,0.05225539639312897,0.07091694010510183,-0.060456970171288926,0.1332549462338526,0.043810916425036206,0.057504007106205755,0.08962629084189405,-0.07011943845687951,0.18341355939998527,0.061260562401335594,-0.0006426643654657838,0.1313053697923964,-0.15471092247924945,0.18766239183175681,0.04809953888791818,0.1543378787699194,0.2297512156984888,-0.12919612678364523,0.5624071466221872,0.14003230656771204,-0.036707466896641595,0.160561970612353,-0.2917044975647889,0.19637270877211455,-0.06190908029527831,0.0731749100553472,0.042807037346604994,0.004165866982842159,0.11549907710978458,0.08930094742467443,0.08364187581617559,0.0725736197092461,-0.0072164112684146575,0.20758245948646925,0.06273923913163304,0.04795560347262606,0.040454098676918016,-0.027454843011327057,0.08369413780081536,0.06575779010415417,0.11515112215467185,0.09936851534770068,-0.06358385783137877,0.2340710545494511,0.15101172253694717,2024-10-07
0.05962720694845083,0.1289425725777796,-0.056067737980368126,0.3029529885338431,0.03191553690357374,0.057931971377805126,0.06556663218247238,-0.04880742514061254,0.12993534806346774,0.05314495217441939,0.050782392064868696,0.08453342413256512,-0.07818679052857447,0.16371323360337908,0.05946654046117339,-0.001120644430664286,0.1335971629732782,-0.15815855351987562,0.1904431035774392,0.05193395180440863,0.1555613373420449,0.22631929918409635,-0.1275654899473606,0.5562271089509097,0.14330158273782412,-0.029695849378205595,0.16164848755173156,-0.2891851558106334,0.19536663605108462,-0.062372887984381786,0.07034304933123621,0.03884304628795624,0.0017769219578578355,0.10578733563347531,0.08420828224375487,0.0824359334000377,0.07308744400880478,-0.013348935130959916,0.2061869256022162,0.06306790040923471,0.05019532768453856,0.04009120546222778,-0.020426874140684115,0.08753082919969746,0.06307580198929164,0.10821731485040735,0.09723916677127784,-0.06178249698337268,0.22625728272683587,0.13883997308364449,2024-10-08
0.058765018915234266,0.1317284347996135,-0.056747866268958225,0.31103538089837945,0.012718191726321049,0.05638960525121959,0.0657853042464996,-0.047148127777694504,0.13260770942712496,0.03712818041228583,0.04912535157401328,0.0865021175967229,-0.08350733511708908,0.16697679617253214,0.054136155691674404,0.00145509663273371,0.14110390450548801,-0.1580023460089094,0.2168812079523108,0.046576430397547997,0.15923608169803405,0.2346336734835944,-0.12817286590728894,0.5786104019282787,0.13714117581111074,-0.03559680951149382,0.15445962438055225,-0.28217712575651144,0.17746648258892161,-0.06847904191923748,0.0721729591798049,0.036360718695790176,0.0040214383299546075,0.10556667533211583,0.07717335308711504,0.08467615697058065,0.0760820379300537,-0.013789313496049616,0.21559895469444523,0.06195729746890555,0.04483905794885357,0.041444811065042775,-0.025975270530590455,0.09412925429391472,0.05113173158139128,0.0994579652578381,0.1013038786428872,-0.07504106846953196,0.23179297388250553,0.13047734536717503,2024-10-09
0.05253246844714439,0.13169974351412198,-0.07321417630398064,0.3021359027452015,0.015088143310421964,0.05542669822274386,0.06049891349700977,-0.040308007296604886,0.1291640965727363,0.03864237245398594,0.05481410393427257,0.08719267494910046,-0.074300774386725,0.1860832218717281,0.051655921466207344,0.012483958919615868,0.14493367958539882,-0.15817962713601874,0.23332428833800867,0.037598077877847746,0.14827696711538188,0.2258760886932443,-0.11760158423785716,0.5556344978563765,0.12269999081704541,-0.03627645325729041,0.1488357731260371,-0.2860331652874305,0.16239138096242778,-0.03773622754498196,0.07040343791658481,0.03642069107551338,0.004770112437028962,0.1048331565202345,0.07650887174656718,0.08730751295154715,0.07656948025651018,-0.008310415733383425,0.22138101681522948,0.061987573942061,0.04929383586003244,0.040374698231425345,-0.015684500048786076,0.09945225931529733,0.05889735503282645,0.10384836072654083,0.10697478358367685,-0.07598227075319708,0.2530608511255079,0.13249012795246684,2024-10-10
0.05507727990942055,0.1282609459872473,-0.07357653501355388,0.29537159721805817,0.02699936759135335,0.05875315971745596,0.06712019005018297,-0.04146448383839296,0.1476668093940221,0.03702520030376877,0.04862208811504063,0.08921494322188481,-0.08824804834656308,0.18191158724758338,0.045281491352331615,0.0058827412633733365,0.13721938543120463,-0.14711029289892097,0.20892317263633053,0.027504508201533495,0.14407330871798588,0.21510309868026234,-0.10513794442724778,0.5354832452693847,0.12423807611696636,-0.03582231112335532,0.14854934617248175,-0.2870725094910658,0.1655542782285231,-0.017800480880205805,0.0767918059217477,0.04370144920144428,-0.004017047470331603,0.12495520887893408,0.08620454503671171,0.08198546244723337,0.07651252892543482,-0.010078119089921067,0.21702863028606756,0.05540211322216604,0.04756795471170729,0.0413050072340035,-0.014481573105628698,0.10487091278324834,0.05909352038683302,0.09713402871804841,0.1043587377277976,-0.07332997876589331,0.2510747284531074,0.11597617669213411,2024-10-11
0.06086799959274971,0.1202353338381424,-0.04880556970076377,0.28922926302932606,0.0360862465946401,0.0610953883711929,0.0753351279529598,-0.05827270480292046,0.15976466892648022,0.04764020901459065,0.0466880311396866,0.09149159108902845,-0.08761880212759521,0.18704745856091343,0.05216346193520138,0.014021808467135166,0.13433023215036005,-0.1436932861315452,0.20364402846698582,0.025199664001016364,0.15151334306989842,0.2207551827530153,-0.09739699709157024,0.5573339098633059,0.13070557488376378,-0.04140973864270443,0.1421774532500177,-0.2816968115855165,0.1516940747433524,-0.02858179631091673,0.07654643410521564,0.04506920666813744,-0.011903423707486649,0.11289853145272222,0.09023168763642908,0.07932452774683574,0.0730384656529339,-0.014059712599785223,0.20143361772063528,0.050798992378261465,0.04506001398824448,0.043858426216020985,-0.022705750261753144,0.10015850215152877,0.05202547877454644,0.09547298214947372,0.10777041724664178,-0.07601054976360089,0.25680672320143527,0.11089759827327139,2024-10-14
0.06997154865405322,0.1337704693705652,-0.05109914865491216,0.32421047246330326,0.04525845636200687,0.06756558350912734,0.0737700683252848,-0.041206407959671454,0.17766043752280147,0.05042039144061161,0.050916668183801604,0.09469965217407392,-0.08816180129691098,0.19580049693025559,0.05351437187850361,0.011248083352632277,0.13723624307466942,-0.160999697657917,0.20037190763277835,0.03360293298373529,0.1486975992726034,0.21637729657974725,-0.09574522911400507,0.5468018667339576,0.13179018768520745,-0.039337072386243066,0.13628848601937202,-0.26281657431583527,0.15437608472555508,-0.03971832790886931,0.08206202902144015,0.046982902269274866,-0.00879398560925504,0.12488289512315176,0.09345793554049298,0.08153108553410901,0.07265040795093448,-0.011437456845354133,0.20358389473732674,0.05238580889719491,0.04144788006788345,0.04451880542423719,-0.029562952883503857,0.10083419853525855,0.04928750623270983,0.09956931943332474,0.10448471201502124,-0.060034520753995846,0.26183422262016887,0.09822324440664776,2024-10-15
0.06547474813200124,0.13513077813929916,-0.048663215332485854,0.3217200088283192,0.037836905284565736,0.06952943543740539,0.0809924931335395,-0.05487442864299419,0.19012412203344686,0.06152443542001551,0.05210326565739205,0.09332015690147605,-0.08144522270211041,0.19872402804083977,0.053168894092675556,0.011495662443077847,0.13586756813953077,-0.16008987260231378,0.2023084723165205,0.04112653580696679,0.14220632466442604,0.20966697095928974,-0.09830252075016477,0.5281369542317012,0.12066440428606495,-0.03830813189872628,0.1344249312178594,-0.26057105426295935,0.15169449076659824,-0.03556616826439296,0.07900740217559173,0.04865862017221448,-0.016831645009426577,0.11784326906856668,0.10100262480034239,0.08408232682667718,0.07552533323059621,-0.015864427578472506,0.20978539279925923,0.061982939339901844,0.041774084369857724,0.04813705733720419,-0.03238288966867542,0.10445489301063837,0.04725041084027892,0.10491043458627805,0.10104252306878753,-0.031078736714114985,0.2764860625858243,0.09736471310979344,2024-10-16
0.07515717063313392,0.13695306199745289,-0.04588231874558857,0.3305036312175029,0.05407827477400651,0.07127263679460827,0.0824866195429809,-0.05981479090083763,0.18492479268216733,0.0650922689853255,0.051462254212951516,0.0968374154475678,-0.08229069161171021,0.20669917239971403,0.03845492953490526,0.010723808096605936,0.1337190140309814,-0.16214277018992695,0.18114158295233507,0.034287368404947394,0.13870033305554005,0.20618016763808442,-0.08369191055401226,0.5220655823907154,0.11522745064226303,-0.03582470843012133,0.14173775553954757,-0.2733529697898911,0.16305517646101952,-0.01917563496063368,0.0763008920256267,0.04177984773602563,-0.0045370870384370265,0.1102061539667536,0.09803386762758337,0.09359032367553308,0.07941416519616978,-0.010188821697989847,0.22787384731599158,0.07061791726826505,0.03723539581081128,0.04620204579510721,-0.0324673318037878,0.10458281720705043,0.03955802551752963,0.09577967006367513,0.09684630875923618,-0.03747998813059228,0.25493283444648984,0.09486350254462428,2024-10-17
0.06545678097772571,0.13262893797541922,-0.047572672305917996,0.31407192380165605,0.029877414544433156,0.06878815347736136,0.07467983936715163,-0.05241454000817847,0.159778659009447,0.05393482614098266,0.04674467596375938,0.09126912489614739,-0.08163086452920987,0.1919708647103695,0.041502344586715534,0.008529974752484671,0.13945157251047025,-0.17522124636567527,0.19053739496214228,0.026124652030697693,0.13589875609590008,0.20306516237805597,-0.07151486392763007,0.5177738467598356,0.10417404160403043,-0.04039004610936907,0.13710353720768256,-0.2679243565007059,0.15350171050125816,-0.033040936401371845,0.08163366577316236,0.042917205867510154,-0.0022524001735257926,0.11510042837201406,0.09743881961892886,0.09212141219217199,0.07726104794821026,-0.013627082765544696,0.2215801267370281,0.07661880995341752,0.03736686974849239,0.043104129329258015,-0.027941571120173148,0.09815371947211693,0.040797211710190684,0.09953924535585763,0.09738297041366412,-0.03255290710777903,0.2616405615680777,0.09548234239524422,2024-10-18
0.0580214680523099,0.13349943145608617,-0.06088871943162755,0.3076819958506978,0.018188238814469848,0.0717406235556725,0.0797078149360768,-0.05498856344416014,0.1719948389406143,0.05853141477794388,0.050795005505067416,0.09761176730467479,-0.08045424452919903,0.20829750408323644,0.04298660413091948,0.010229662906791791,0.14475040817857932,-0.1980538191184228,0.17590347272755458,0.03578564617133284,0.12340924401744946,0.20673368719316185,-0.08430938990923109,0.5198485309712599,0.061113497190087074,-0.03875923503986376,0.13737888202254153,-0.26843272072150715,0.15153770644986864,-0.03689813445992152,0.07910683302137884,0.038710091401156894,0.004354484445595164,0.10949640492635848,0.10116980938518072,0.08978786866252508,0.07752584938754953,-0.020021846050889636,0.21910600892078458,0.07475647509509797,0.038739081190362644,0.04577654307783359,-0.034226295100561854,0.10217650167537684,0.04982140801289514,0.09960259490850612,0.08701628244946565,-0.01083186797643032,0.2481044755787014,0.0976893180392806,2024-10-21
0.05574175607930874,0.13003117990763027,-0.0632197200992356,0.2952308849619305,0.02803915198846152,0.0766194737462121,0.08091829849270034,-0.054946464433125564,0.1868847451378528,0.07810615050463277,0.054630778012416004,0.09714941410062622,-0.07654527936611566,0.2106982735341445,0.04709977314736724,0.008738708394481275,0.14701548184545962,-0.1972780399867876,0.1782069041081249,0.02962601617281857,0.1270236579434194,0.20151732606841447,-0.07284733105339858,0.515408151278957,0.06178384254724101,-0.03376001982493322,0.14654974587835048,-0.27869339484221556,0.17178718883085242,-0.02272123706723539,0.0797020755390538,0.037904609632939776,0.005233254278830257,0.10930300478625665,0.09113915391434757,0.09365401355445069,0.0764574618315801,-0.01344262639146765,0.22247366330468177,0.07425370139433962,0.03931077875136688,0.04773739827234539,-0.03459936689200738,0.11186324094199662,0.03819081800721702,0.08864574943209647,0.08674993726132227,-0.011512693690451048,0.23570268449055232,0.0870526260713762,2024-10-22
0.053812112473804394,0.12700010173283646,-0.06349162499238281,0.284084196115687,0.03133093103314133,0.08422582898102118,0.08016349405665599,-0.054419540034623126,0.175697776279234,0.08320252136616957,0.05312282517622409,0.10301511974528534,-0.09294386876408389,0.21427764552574402,0.04517969855509629,0.007201807491070156,0.14458173007901876,-0.19838041828456532,0.17474838577588603,0.045067819669329934,0.1424268413659151,0.20706786110520484,-0.06761577194047641,0.5399160005748378,0.07335435440319338,-0.03364471232025377,0.1432566562677704,-0.27338151624666607,0.16843959939057696,-0.027657160566767702,0.08579183815368277,0.03945882213018064,0.009013902206698399,0.11888925000891426,0.09718433465372645,0.09336160507552733,0.07577129595823819,-0.02073076086794645,0.21370458507895562,0.08116922263392468,0.04191246977884686,0.04778728523012472,-0.03312691767343867,0.11228615784174201,0.04360040486297545,0.09210122288580551,0.0910377260181282,-0.018310252660804438,0.24403340734651824,0.08043409645661725,2024-10-23
0.05525645880475423,0.12177189908994356,-0.05898770969162914,0.27438554151185257,0.03972328001625702,0.0777792544083965,0.07693451869901913,-0.05429514699707305,0.166403556235853,0.07090527522533874,0.05383702660223311,0.10246914392359249,-0.10018792362607287,0.21083019899593314,0.046997260537735785,0.019402855598769198,0.1591217050656803,-0.20050136977827937,0.21482754022981387,0.054065978718931484,0.14015746133130752,0.2098046954938404,-0.07604255359725398,0.5421094234461858,0.08311269147755174,-0.03392690834612215,0.1491028134043739,-0.2939256429384458,0.1638727346923532,-0.01998831386257649,0.08417520973705214,0.03840285497747992,0.011104326576076629,0.11736300923054199,0.09049195607264449,0.08946318736564404,0.072114453113921,-0.023841057779747654,0.20022638783953806,0.08865614941984146,0.040016596605904176,0.047075476278281646,-0.030992596948463125,0.1115233438713934,0.045737964780018014,0.09004575032626516,0.0943516646022574,-0.02263801473194993,0.24450897147163353,0.09087364064372938,2024-10-24
0.05465809298904796,0.11825066838285489,-0.0618360161672592,0.2630795740696761,0.044638820429438786,0.07149410234452096,0.07840365141062353,-0.06892494500353907,0.1593561291155854,0.07236875876938798,0.05503380976354242,0.10223075465104507,-0.0957120652889003,0.21207168027791545,0.044995367861445645,0.027498103328516543,0.15853376660812107,-0.18778729800656024,0.20962247165757475,0.06410922881315839,0.15426556369795058,0.22380196352884502,-0.07629967716725705,0.5824114833160177,0.09945040752078382,-0.03583337083084563,0.14919968849011458,-0.29775098222230856,0.1558964258287996,-0.02899039198561948,0.07845115908111926,0.041449806473934765,0.0015813945185210176,0.11955695265973265,0.08482980673109686,0.08935441775755786,0.07477131487903188,-0.02832512195220449,0.2017759968746471,0.0766552829991185,0.03758964355823322,0.0466179334617835,-0.03752642122517236,0.10221086614159036,0.05019973788178067,0.09118108821197177,0.1006133326440978,-0.02848273563212711,0.26403001046833174,0.07487966748422203,2024-10-25
0.06315975138151093,0.12394112543573069,-0.06093400503595414,0.2904563751774252,0.04397592499811909,0.07002540023761575,0.08054366643567297,-0.07804175264744517,0.15359710608798172,0.07685668190844286,0.053745471205570564,0.1002316557977375,-0.08932880699943258,0.2062404823814099,0.034396521434542526,0.023432370254425527,0.15768088280719864,-0.1872168575133757,0.20463026362284564,0.07260980061125388,0.1595659828249853,0.2268736948853527,-0.07692126314845094,0.5932082705107149,0.10088252810218878,-0.031110875365612058,0.1494970491273855,-0.28995420449252984,0.16458521004564242,-0.03058839651129952,0.07597464473827262,0.037281194735740465,0.005427480874584445,0.11406594413694426,0.08961263100048389,0.08858589181562355,0.07503626586445013,-0.0297319250437319,0.1983547717020353,0.07508052339166382,0.036758804031430684,0.03949126482906127,-0.02705414253260685,0.09120570063244227,0.044018540035824394,0.09541017661205428,0.10276702243252556,-0.028431217373674156,0.267349252016051,0.09317373718465594,2024-10-28
0.06892466484769517,0.12379960181765008,-0.055826027894719576,0.2985228671065572,0.04719626626168649,0.06761407577017502,0.076770036911472,-0.07100897023380559,0.13925608232714692,0.0702512399789954,0.04882076262646762,0.10330563742316098,-0.10064904294852695,0.2084540845909817,0.02459267695243339,0.02362805636975627,0.15204681615538557,-0.18906623859037497,0.18314702985035436,0.06464805776163596,0.15708060205345964,0.22554256782553678,-0.07731210250700582,0.5869354515396927,0.07973012077319863,-0.025253766469345428,0.15219942580391996,-0.2902532509971467,0.17394316148710343,-0.016427559176601658,0.07955547479834642,0.04140542740067903,0.005849850055931638,0.12366898006706939,0.09504205258655962,0.09064404861228059,0.0779777016349607,-0.034310936438054274,0.20289511142847938,0.0788835572866855,0.042982946380255994,0.03722420665189632,-0.020113787290702123,0.08341262859683662,0.04733896119392633,0.09278609619960784,0.1098635550894257,-0.045719168342907346,0.2670098280777098,0.11513049785931484,2024-10-29
0.060966277070655675,0.1208562856462528,-0.06683588509102423,0.2866119456127114,0.034904021612935265,0.06117947229911529,0.08101795678253987,-0.08445626331555545,0.13922161400214317,0.06126992311338353,0.05348864788811998,0.10846445515621192,-0.10189982441832512,0.21813545446966698,0.02685237497876236,0.02921862999712783,0.1620527426770249,-0.18366645708341756,0.21587151463868337,0.05900677084374428,0.163336341326414,0.22701324600422784,-0.07548426025473176,0.5943110734188577,0.09627701466945404,-0.023836525045425837,0.154518930106406,-0.29167823580193875,0.1802185244520702,-0.016221983462035405,0.07703792290410334,0.040383346739696076,0.0042621009784622466,0.12212622806423434,0.08192322475357194,0.09012063609465781,0.07985557472006703,-0.039785441634687446,0.20090859133113836,0.07838964645884317,0.044132095010063675,0.03956516916127232,-0.027605584867727573,0.08356964203592154,0.046089672317747965,0.08735142202565771,0.10609874673373884,-0.03795522388838779,0.2536643663875613,0.11674250547857201,2024-10-30
0.0643830849283974,0.11711983926386071,-0.0475630900479217,0.28041540147308,0.05189434262633896,0.059272442557232206,0.07960440025188684,-0.08476242636535314,0.13662083614273124,0.06687858365370847,0.05420436795453794,0.10804162439399644,-0.11058693690926258,0.20826250308929506,0.03804551848903848,0.03016377228420446,0.1603596017097138,-0.1847750635763431,0.20826836570081575,0.07871376071021596,0.15229078297752963,0.23511405967627824,-0.09471290696587864,0.6009094886404649,0.07909858418421778,-0.015377825506698573,0.16132756748278357,-0.2965040981618571,0.1956587632198894,-0.006843329819693045,0.07911582138145898,0.03688275764072811,0.014843284019318004,0.11756986446255557,0.07919546499230479,0.09216381675655935,0.08384753297225046,-0.04135149202783439,0.20963371244574636,0.08121643612571239,0.0435874483069731,0.04226959451098934,-0.031088986521090156,0.08821623671931622,0.04107876097366603,0.08666865643443707,0.09938244706467987,-0.03457878749536847,0.23852391359852643,0.11864333291855544,2024-10-31
0.06216246839824815,0.11507070851065486,-0.05079304108064964,0.2771226936698121,0.050809600949146105,0.06195512530134288,0.07493136173759084,-0.07284567379119489,0.13742211726104658,0.07349917917266291,0.05845852295774845,0.10609307453269318,-0.10186047856535929,0.20991006528208533,0.033730457224073085,0.030075745497909034,0.1591050266001018,-0.18439616432005457,0.21446529228081546,0.07094188207969676,0.1481293016586471,0.23206424264369133,-0.0917227633832568,0.5909505902201162,0.0975055118059196,-0.02130109942150178,0.156808432457631,-0.2935332877372854,0.1858768396296948,-0.018512669427448114,0.07608441543918967,0.037186824073408405,0.00974127680557535,0.11100686931855241,0.09003286228514584,0.08868571808372872,0.08558029944602516,-0.04676297965297038,0.21004303954988934,0.07439979008005371,0.04473190668163114,0.046151747468842,-0.03702939980007902,0.09714174145920351,0.043668982773646725,0.08206523107202794,0.09972573420841901,-0.038834231563225186,0.23456342350736148,0.10951015700775435,2024-11-01
0.06755369781172997,0.1166321135233895,-0.04639072762851937,0.28571643811379044,0.05418878590003051,0.0610996744917832,0.07431195885339717,-0.07534488520505866,0.13249964855905128,0.06618378159140237,0.059206486746642376,0.10225552113829166,-0.09240959327350584,0.20697586597241568,0.02552808591015654,0.033376107610421715,0.16379261192445668,-0.18774601282929881,0.22556946021176572,0.0756441192396311,0.1550627040859123,0.23923623836182148,-0.09881492508237322,0.6090268573764379,0.09611886582476514,-0.015429407542474372,0.15192035764488573,-0.2742992777123404,0.1937775955405865,-0.021661941439889087,0.07451928601314997,0.04579570433659094,-0.004267854283017458,0.11370877832765025,0.09975933020729144,0.09044198751184718,0.08414176472531003,-0.04213331879257476,0.2098550246852271,0.07112323369651641,0.0466622754354624,0.05215162291378104,-0.0455080379135252,0.09848487721657784,0.061014595022030216,0.08232593685134415,0.0997669243679007,-0.033634808117325,0.23855142766645288,0.10811562447083212,2024-11-04
0.06862453748974806,0.11286634350108811,-0.04157621342478823,0.2797184785934046,0.05277844902841444,0.06156176047195414,0.07550930994787486,-0.0836175046736769,0.12496321664410792,0.08663769659188958,0.05183231917726683,0.10242666576384153,-0.09783681821936929,0.2061396016704402,0.022064716712923538,0.02841877429352637,0.16209866653482954,-0.1832495242535972,0.2238878895639662,0.062999435365656,0.15285990638264618,0.23780994069465108,-0.10264686030773218,0.6020757269075765,0.09698944260396791,-0.015445678152685072,0.14877191142549287,-0.27243954321470876,0.18565277795415636,-0.01005253931122052,0.07851780496504816,0.043057654331164326,0.003760729139303587,0.1148762083497965,0.10380900746975419,0.09188632943091961,0.0823733065584087,-0.03762868664797736,0.21023273514786278,0.07906335787822694,0.04828008538989905,0.052274982138323316,-0.04214494267579949,0.10369009955428843,0.06231314081532657,0.07763904219216419,0.09072434435023848,-0.03436359208778228,0.20985244185333762,0.10846032991359311,2024-11-05
0.069008418229043,0.10904837346433191,-0.03690382543645643,0.2728897485673045,0.05057154644772788,0.060396256331561184,0.07945189338346931,-0.09406862005764405,0.12471874684229411,0.09600243799862085,0.045507388078490016,0.09519764978475935,-0.09750228045221587,0.19103442828483064,0.02491100772453181,0.022944770792281365,0.15711428318414253,-0.18039512075465458,0.20785274612392257,0.06859368275522137,0.16286570567255063,0.24982533933325984,-0.08111409090248445,0.6401981171988567,0.1173604433213764,-0.01409325923430631,0.1450272176113974,-0.26327189701924936,0.18651028437401385,-0.007197991403121606,0.08191038175903956,0.04937663516686352,0.009799818031634766,0.1392181242510382,0.10306303111459436,0.08877914901454786,0.07582401587080521,-0.0350003975996126,0.19050510720290958,0.0785601837344565,0.0526101018802527,0.05279882007277459,-0.038565117715809616,0.10889113326517808,0.07693118554360079,0.076772949556465,0.08954382249777391,-0.03750951090198751,0.20483723795519837,0.11328038180810185,2024-11-06
0.06386208463488899,0.11224347386733713,-0.04884153576579908,0.27142895468667616,0.04375018894718585,0.07054160388653766,0.0794914631118567,-0.0798696204109709,0.13834438853832864,0.11515984473829644,0.0454177031304535,0.0948322102353539,-0.09143436412776573,0.1963416461162104,0.021875397178521494,0.02082919848484217,0.1591038714797162,-0.18379896205955648,0.21746737398200766,0.06168735085132271,0.16200014708782412,0.24129925114184148,-0.08647283294712993,0.6166497365253711,0.12348384057520345,-0.010254347893375981,0.14218913476934772,-0.2547220606316094,0.1861921006316214,0.0043414366912126745,0.08452500980268311,0.05035115980068075,0.01267620945090786,0.14469304948007378,0.10165498070185341,0.08614958468870673,0.07694535734095026,-0.03925359045391996,0.19265418651222022,0.08114486787262254,0.055410598446093126,0.05341369073563798,-0.03274617738365149,0.11684641856031552,0.08461367574901968,0.06935463960994348,0.08935737063958103,-0.03111183497093828,0.20197007842861958,0.0993301360602219,2024-11-07
0.06077263250424074,0.1144546514486856,-0.04209080448447344,0.27452603387847807,0.02492343906669059,0.06665381539126965,0.08400067632569705,-0.08661509653596022,0.14580753695817283,0.10158957857477446,0.047913333076061757,0.0910342914032715,-0.0745590106588454,0.19419316071523385,0.013532388935600492,0.030494118217296463,0.16543931317639549,-0.1886525316813633,0.21381283628632408,0.06998558783783215,0.15993334182122604,0.2399855763443967,-0.08635357074607264,0.6132410080340296,0.12051138881308265,9.128116017134146e-05,0.14577731228627694,-0.2457731126649555,0.20935201219986932,0.022600766782012505,0.08429386963164451,0.05414556431474778,0.011822833045028291,0.141427211161832,0.0952357483212587,0.08721013129133234,0.07416501153090344,-0.031200573047037494,0.1928356894601908,0.08550193004281148,0.05797795352077528,0.05498574310231644,-0.026464736497520458,0.12578898291228646,0.08161930548641072,0.06895447810949322,0.08986953505494046,-0.04055158806549308,0.2061392860459561,0.09521896182764822,2024-11-08
0.05772797476466074,0.11363449103780489,-0.04498718031552207,0.2664745628516616,0.02690047093449932,0.06414605567808987,0.08701636093762641,-0.09782280682149547,0.1498771377083712,0.0898426096942111,0.04555234767319107,0.09388275239402374,-0.0777658365603986,0.20273102537209975,0.015002745903115677,0.02939902305166182,0.16369769049135385,-0.17749565169794412,0.21497787056822326,0.06424106867919832,0.15861894578762023,0.2556575488968232,-0.08601040165252694,0.6482321057293927,0.10523274480897182,0.00446348161671215,0.14206420486115603,-0.23260653750936955,0.2107508860414602,0.012725585566353503,0.0810343525025281,0.054413297581160494,0.006601840795535052,0.1559732080624625,0.07428404576221537,0.08938399560298375,0.07108105765338338,-0.022698087900148267,0.19058410247853885,0.09101769962467343,0.058718592974787785,0.05608986867341052,-0.02591904864132799,0.12562133191840408,0.08664557581278887,0.07111713337394965,0.09449828928867578,-0.037281482528551124,0.21499554327622517,0.09809342284214795,2024-11-11
0.048940088034366426,0.11211147717137027,-0.051583006256147645,0.2526964466839843,0.019801412178134914,0.06618546891428398,0.08793830125853842,-0.0962841930948436,0.1495236484813518,0.0976566587651071,0.0486246035465713,0.09079287774055461,-0.07086776221616842,0.19784640510148832,0.020330394859358725,0.024340197170284638,0.1590244178882928,-0.18415399082048212,0.21566624586636784,0.07227450284235593,0.1559082702436576,0.25608272096732304,-0.0940608221172381,0.6436925373560327,0.1110295328000892,0.0026670401697552527,0.1384782182205999,-0.22952488395909298,0.1999558480870598,0.015062565629750058,0.08246598912903362,0.05953629523898289,0.008852405598939628,0.17270935623669215,0.0686138531968501,0.09180635577524623,0.07859726178338662,-0.02707895562562379,0.20979078793394934,0.08906636090699305,0.05526391163663531,0.051006993554688934,-0.022828425765610616,0.11085248336539544,0.08638497166786685,0.07178946523592056,0.09160240109183773,-0.03481693415994325,0.2053368081472433,0.10146252027282254,2024-11-12
0.05779734324595751,0.11506820569211981,-0.05709622163912709,0.25817102094295064,0.04020347969970817,0.06868593629504335,0.09070233149602573,-0.10030484267509066,0.1450801857824935,0.11341258501122908,0.05382646630130108,0.0952284149198127,-0.07372216249536712,0.20745871145978922,0.019417574269372295,0.015056673294459744,0.1499179152039606,-0.19223913931434333,0.20032560834687518,0.07455152085317418,0.1604465623641498,0.250845348800154,-0.1022981024668913,0.6335820774666825,0.11820969488519895,0.002604467538310984,0.1383748068358504,-0.23141830051025747,0.19631889230036603,0.02293761229688651,0.08383989243717696,0.04842159338128789,0.02081969574244935,0.16158797191888663,0.07580773699745125,0.0907178023533346,0.08000919449070208,-0.0305189543394222,0.21327011638636062,0.08864653651813925,0.05453537298137825,0.05672310813500531,-0.022386546152973308,0.11190979487760222,0.09250679833089825,0.07048452560407689,0.08905333635877703,-0.03483045802608542,0.2064898937365265,0.09375806697461475,2024-11-13
0.06465273038379567,0.11180434532340584,-0.0442319776552661,0.25410719311169006,0.04059641620896404,0.07080808616184794,0.0918347763886458,-0.10137057287423201,0.14509136633010855,0.11428276584343156,0.06125065553045974,0.09939411614506766,-0.07481845498018835,0.21602984688674853,0.027995678631146825,0.010146532475978742,0.14559434206466917,-0.19267077186021464,0.17260693224451407,0.06738649081246639,0.1604839244826586,0.2525405069998791,-0.09723793140470238,0.6413396033990879,0.11263297953794882,0.0032887485919658177,0.1398853341271838,-0.23541808953670063,0.1968260767023544,0.029102894746333652,0.08454589486178188,0.040209252724359115,0.04110035378943255,0.15591732477237552,0.0750273452450756,0.09339556960023265,0.07766980989831226,-0.028489803094138955,0.21047594158762917,0.09616676251414247,0.055197056117545995,0.057975605986173066,-0.02879895791227638,0.1181767579389883,0.0794241676640064,0.0678540950880477,0.08612196556912115,-0.03634622484108274,0.2038623557373329,0.06966342825126004,2024-11-14
0.05478421727617015,0.10554039255925107,-0.0557241499689064,0.23302055299666202,0.03504165928689318,0.06703548319975912,0.09018594590707399,-0.10079471686319541,0.1544841868071931,0.094034468969042,0.05947707479913376,0.10116622677190784,-0.07833714432007544,0.21618774796304652,0.01993690624767841,0.00775279827446076,0.14189971390834577,-0.18204979064838955,0.15275785546821408,0.08245832829738653,0.1517418835524039,0.2416072926207592,-0.08526321247875646,0.612178972628513,0.10338402467384156,0.0024520503388521632,0.13939971080513314,-0.2358977822797168,0.19829432250799273,0.021412211688659255,0.08556643630097431,0.04349766666823325,0.053492594731812115,0.1665412984483856,0.05705407237773463,0.09601399948551011,0.07823878609027463,-0.021602191469667242,0.21739704504771407,0.09004825370708236,0.05958506752034685,0.05666199853090433,-0.016693976945967193,0.12714136870238169,0.08258623607768079,0.0564438169205298,0.09119015838864585,-0.04945640629152814,0.20722182296517144,0.041672190341296655,2024-11-15
0.05646694537953436,0.11321514884121345,-0.057437899819465676,0.2504772530668222,0.0420550374910984,0.07068220602220585,0.08944427959470864,-0.08867422288364268,0.1532815816391362,0.09539962164625204,0.05565302994247401,0.10016132875529195,-0.06844224115915276,0.2195285376594418,0.011593765132722478,0.01379404405900959,0.14470760676935668,-0.18697534277406913,0.17724127177516724,0.09890623047380953,0.1465971563160687,0.2442750980172534,-0.09329074409975724,0.6132696119326992,0.09785370100320234,0.003400169873589087,0.13829234860400474,-0.22842548602308965,0.203597833489358,0.025428884434194554,0.0880099214131882,0.0476495703427547,0.03799087896587894,0.17230197176562778,0.06904585278995667,0.09748397938049476,0.07923129360367956,-0.021370305786437505,0.22321145237907758,0.09735250933401152,0.05281470718946828,0.05770664056317119,-0.028278600300118972,0.11724969573817878,0.08072692357567313,0.05309860524345582,0.08563986774636775,-0.04407007038774402,0.1976597044992756,0.04233153403725276,2024-11-18
0.04621469144904804,0.11677191946425707,-0.07265168718342774,0.24874737600606456,0.02759267457126824,0.07819882113927797,0.09294919542937626,-0.08823255223248216,0.1629718042005437,0.10144442055912539,0.05827704929951318,0.10247402484659666,-0.07213228325773624,0.2206092272986051,0.012186431847040602,0.009814800937290702,0.14179705117274685,-0.1986257691300508,0.15123736524554343,0.1045269469315282,0.14421311581167337,0.24437949835108558,-0.082750606421222,0.6178382969518761,0.08193595730975822,0.002340716021136924,0.13905973098923552,-0.2268735865694802,0.20927856398875977,0.01810198123972273,0.09321373829997368,0.045997081159046965,0.030645845727367504,0.15682809626156025,0.08400493532717279,0.09638639865993182,0.07929464716523339,-0.018786523351884687,0.22578832477299282,0.09710590099793959,0.054626733751544164,0.051659347133610804,-0.024576133467911987,0.10370716026875781,0.0830347324900691,0.05394962136325163,0.07560289685905278,-0.03655383033140547,0.17975747131143627,0.04100832986937952,2024-11-19
0.05100636786660564,0.12406106351728677,-0.07405956871257535,0.2745455913088808,0.031019489850751425,0.0800707558121779,0.09155659189705727,-0.08309052285041862,0.17155179027944212,0.1072679196426245,0.06086248674326875,0.10484517573025175,-0.07355926831510529,0.22440232002225113,0.014450754194179849,0.016325931839886797,0.1418715600497483,-0.19105644541168698,0.14992951945781274,0.11959663913630125,0.15549886339912858,0.2585567017472388,-0.07261830781529499,0.660973140575881,0.07329093896583205,0.00619828279236061,0.14511749645439787,-0.21887875944569046,0.23738324911522035,0.017012054989379077,0.09084673166939723,0.04591602809286655,0.03730565962791732,0.15685403408965715,0.07172818947479631,0.09564625555322381,0.0775911296259315,-0.019290354202558424,0.21939743160309844,0.09716368658340047,0.0542007751018325,0.050506199780377584,-0.022301137221608758,0.10689356629933444,0.0767710552733667,0.055648324385519275,0.0810541838683196,-0.03768828336713459,0.1915835101577752,0.029030050862238976,2024-11-20
0.04750869018240809,0.12356807041873365,-0.062314784818997215,0.2798962895519521,0.023365166617460353,0.08159269095162694,0.09825507701557083,-0.09987430677852493,0.17850839599672996,0.11327000232302131,0.06266889828294604,0.09832439742054008,-0.06907558592793561,0.2118839861963926,0.02923680368143078,0.016283949186256485,0.13662113512815532,-0.18655475596270765,0.14891649410980445,0.1118640384574654,0.15609623180529802,0.2769543407080439,-0.08257463548241084,0.6987004958082796,0.046550759271978936,0.004831181345951641,0.14626722665005473,-0.21468636269036045,0.2447512874813722,0.008347204005740627,0.0842635132396993,0.04930037579045263,0.03419382319359676,0.15724235871539016,0.06994532452757452,0.09452992492138527,0.07543681042491583,-0.015451957002378447,0.21595465682787007,0.09383176196377763,0.05792320301836142,0.05109596956466861,-0.020270872317338706,0.11218918646434628,0.08504670385871238,0.05386261268824895,0.08076219021383996,-0.03340953158750504,0.19101679425043838,0.019868340190854816,2024-11-21
0.04914873017798782,0.11892187720575816,-0.05286247384205489,0.27141293961519586,0.015907873810755202,0.08236161575191796,0.09812835633585858,-0.09870737795202211,0.17104234407194574,0.12108877180484678,0.06698465542523835,0.10069497729173063,-0.07005001985518444,0.22186854371097575,0.037587168097181545,0.013440020181887013,0.13580050798261073,-0.18564205714419368,0.14658622731184034,0.10591853375399163,0.1546769064775711,0.2645280484994697,-0.07724355686183115,0.6680863463180098,0.03991003787016667,0.00956105591807852,0.14300890598347124,-0.20997021898152557,0.23999507148612986,0.013022011937394273,0.0811085215241952,0.04008560095486857,0.03065727924586059,0.14166523226411343,0.07761927616818198,0.09961039464268931,0.0812199229547704,-0.017272984981023365,0.23199336445577723,0.0976906325716893,0.06191012071079014,0.052349069801887346,-0.013662684062589414,0.11673514549434039,0.09639619532639276,0.049961377387818764,0.0882307769293888,-0.04229173576253498,0.19503210785565406,0.012166492252719818,2024-11-22
0.045059893888948356,0.12375892864075075,-0.06237416982686328,0.2747381436568561,0.009587451480513653,0.08830654512895922,0.09797746663506621,-0.09278365140253975,0.18943572728835734,0.1251470912459829,0.06460269637082874,0.10161641023005825,-0.07122065387727017,0.22237506095746395,0.03301466364341055,0.01265783864313601,0.13696955833132332,-0.1860400225451203,0.14719463368035823,0.10996448034315831,0.16762303151841454,0.260340153059662,-0.08595750675946601,0.667209749965979,0.06679903500232842,0.014205201586270233,0.14188149882280995,-0.20537154630763788,0.2390420581845054,0.022313005617989212,0.08065185451037622,0.037839802452614764,0.03016522126477894,0.13328719080378182,0.07463244649490419,0.10102634262964294,0.0833975080840832,-0.016753264206180285,0.23987025990659494,0.09073801407118487,0.06337955019329385,0.05458082364145986,-0.00862257223780949,0.12156411273547985,0.0907058470811728,0.04614349765120855,0.09841916195638922,-0.04970199097497874,0.20332761075007721,0.013113746163527562,2024-11-25
0.04983688286728438,0.1220047337144265,-0.06394564176066231,0.2716776007521817,0.014774985210367797,0.08862860206114564,0.09644031663820064,-0.08510404604989408,0.1991050124800695,0.11708048061918408,0.06383870139664509,0.10026592604377436,-0.07187522263975898,0.21732002839205378,0.03727522871436384,0.0014201654265589836,0.1354661942165667,-0.1952164560511861,0.14609206815319342,0.07573591329410645,0.17377144685267593,0.2641931033213125,-0.08903081958591752,0.6797587511758503,0.0912276536333998,0.010804018302828022,0.14550956998346432,-0.21722820785123065,0.2387359495167325,0.01634612229897825,0.08482316990336795,0.04161881199634567,0.03415278176564729,0.14613092701511854,0.07976150328433307,0.10339649858279662,0.07898685080892673,-0.0062520869706553794,0.2363237285252029,0.09293096532915301,0.06587362472411895,0.05090106241439264,0.003361466703661442,0.1200808151082371,0.09319191572350305,0.03748353831543057,0.09519737756668706,-0.05852279147168871,0.19748318204144755,0.011460101813580703,2024-11-26
0.055780167327560345,0.11961343950000043,-0.053225566521900025,0.27196368200448195,0.01850883208866949,0.08742325126066361,0.09670931334184436,-0.08983764690550966,0.19088589848654758,0.13083957002740654,0.06910428499202362,0.10593087563900841,-0.06967044712980941,0.22680580863113797,0.044159751193194596,-0.0024636843451822264,0.12838702973561497,-0.19882873814639668,0.12792007507628722,0.07213514372032104,0.18696210079243075,0.25745513197412667,-0.08781904591279155,0.672196410279263,0.1018919436409429,0.018751216629886415,0.13928453760505458,-0.20052091479666945,0.23448472057862668,0.02375448741053665,0.08647409725749564,0.049009577880696424,0.022577882037295716,0.15749064417160286,0.08261019415733895,0.10058406964876218,0.07728122541518849,-0.006703458933430717,0.23099441783511554,0.09872799787071429,0.06516228536474414,0.05328408469995433,-0.0015230592391637376,0.1220331586159411,0.09374627862343576,0.039463270588433776,0.08964966520257503,-0.05737267679075586,0.1939456125198198,0.010567395994231621,2024-11-27
0.06128964271806177,0.11298378870790628,-0.05107808679562931,0.26380220738561877,0.03527482167953755,0.08746844315814281,0.09935549831478357,-0.09981467723950055,0.18333557598129047,0.128005463160497,0.07033772378274758,0.10764719553996865,-0.07485277573851412,0.22765836281973884,0.04290006074879149,-0.006791392906163663,0.12534305464896528,-0.19076186168808162,0.12221982457917369,0.0554409480087672,0.19453066805279207,0.2670781165929662,-0.08961861544833405,0.7017738763628507,0.12590298791650167,0.013715453576049507,0.13900692822900207,-0.20137746565579495,0.23047542614979388,0.026399563061412223,0.08529640354386055,0.0506221109257033,0.012223711294725437,0.15940999412370616,0.08277932700901558,0.09830986660491867,0.08002184624465396,-0.005656277418472633,0.23811002058341524,0.09039298801075635,0.06432464347078573,0.05588445508686778,-0.0037637568081207995,0.12552039448082564,0.09625791453533128,0.03778473961388238,0.08643364670918915,-0.04357493174327576,0.18465124093956398,0.0009907826965003252,2024-11-28
0.07401086890242681,0.12182099069007356,-0.048757927714088045,0.2926924547095049,0.04513210994134931,0.08991693442097434,0.09915008586556699,-0.10027145918049496,0.17277197215230378,0.12733699174592816,0.06834077957275822,0.10559045589858529,-0.06640821629880134,0.22990331011432064,0.03917170158419503,0.0015269714815755008,0.12250302371228775,-0.1808625298814417,0.12494824377858782,0.060750778654843574,0.19228962007989778,0.2621779548317914,-0.09744365487856499,0.6859920309266714,0.1373051889738537,0.015663086037949546,0.13799390339204082,-0.20358312200484152,0.2240054053578422,0.020301923406901956,0.08291787148894816,0.050762860774957855,0.016739356859573506,0.1654419634670703,0.07128910335070882,0.09800952635801885,0.08117137032701681,-0.002346044269774805,0.24332755838360787,0.08773364267490713,0.06448669221436872,0.059108270385103696,-0.01057761521496392,0.12636655507447658,0.10508209936517865,0.03778462395792033,0.07822125880252881,-0.04154515089950139,0.1696739557883904,0.006343852993723198,2024-11-29
0.07739756637775204,0.12763253695695387,-0.056129981721104616,0.3078189732920913,0.03937694975565065,0.08647035039932596,0.10471839364803433,-0.11188502636081821,0.18458592954755115,0.1141805248931953,0.06896707915317249,0.10631899609109655,-0.0633913895993623,0.22626876914418603,0.027206266154435,-0.002815660820299426,0.12152342582947694,-0.1866732759190497,0.11306212372000801,0.05938002032719103,0.19865310828228883,0.2678580550389908,-0.09918152813152903,0.7009844425618585,0.15078586728803556,0.01717854169884494,0.13843039240415023,-0.20014361256187174,0.2288493256428341,0.022035340081208554,0.08466775465062945,0.04867234871303664,0.025356297425289887,0.16206436859145867,0.07220612394964632,0.09383103824029593,0.08281197736284884,-0.0029339964752671532,0.24463328673428797,0.07978439661089487,0.07134472441272752,0.06392769212778897,-0.005760377267916339,0.14131540939168996,0.09741838268200675,0.042581058757054625,0.074420547934532,-0.037923698191931754,0.16382539329718426,0.0016664787352116406,2024-12-02
0.08651941769941865,0.1294444085382271,-0.048843049635464486,0.32034616967157103,0.04571878068556612,0.07851048658001787,0.09729514638665385,-0.10446493576634075,0.16932077853307947,0.1251769344238416,0.07217204084719273,0.11138608071618256,-0.06988928167143271,0.23478456554356097,0.0307644028327001,-0.00569187033573082,0.11807668324303769,-0.18417677752247275,0.10485592220026096,0.06376835532672187,0.19476063011095945,0.26313059608671163,-0.09801744646849331,0.6891975037602804,0.1382139205279833,0.016993835216099852,0.13304964996358795,-0.1925906796023107,0.21978395596550349,0.026773895709623963,0.08701440747276616,0.04808181480341576,0.031561351797805726,0.15999944643105746,0.07979123653489162,0.09525552548525991,0.08699008432727534,-0.004429497989983822,0.25378606371972223,0.07371979747463264,0.06656505391613972,0.06644303494089414,-0.015613751997360148,0.13502456335841106,0.10209624677470663,0.051391976866765644,0.06921974280267203,-0.03054997564416506,0.16748163812555772,0.023310510652167382,2024-12-03
0.08801238885027703,0.13381369910725113,-0.047368859660193774,0.3325392421722082,0.0485844526241106,0.08350157395435347,0.09943833769488136,-0.10147008209429575,0.16978845641601525,0.11889725705006482,0.07194006574667673,0.11201087120023118,-0.07836422987963021,0.22750213717433065,0.035131450667700515,-0.007312568412002629,0.11985646235900178,-0.18670870190673916,0.09722876915230105,0.07286309527753443,0.19976031726271518,0.2622440767969547,-0.10290983167565726,0.6862372688485969,0.15543723177844937,0.020890203569911135,0.13103796015748928,-0.18118808930370223,0.2238863976004828,0.03661184841366483,0.08980308203845207,0.039948475066689956,0.05277805692596638,0.15472769974638045,0.06997467699645954,0.09468308807411005,0.08680810002504231,-0.0053994169853949225,0.2538794837117371,0.07865040999165296,0.06549876606976716,0.06731363904430657,-0.017492319116821475,0.13846531747436663,0.09714694643052657,0.05412143843496244,0.07223974218982945,-0.04058706909369436,0.1776947096160446,0.03679313211328572,2024-12-04
0.08561940062330027,0.13622917257973421,-0.0462913461061385,0.33776612260244754,0.027695562067636903,0.08422481272650151,0.09957184885805169,-0.09908462612092128,0.16951828539761138,0.11656446594808734,0.06813617968338312,0.11103329969062292,-0.08453140837343276,0.2288942840486914,0.035515318477524094,-0.005031842738064163,0.12086605135655686,-0.18465319844933392,0.1139573123727311,0.06420997056768063,0.20785826358808235,0.259596414959992,-0.09848698629129127,0.6847558636999866,0.17597615570330394,0.018295636197746122,0.13685563847223517,-0.20020588067196388,0.21740276076584686,0.03371092862943703,0.08838056103702377,0.03640956843516759,0.061619436919693626,0.15874382072859206,0.06996288801796524,0.09848287532179198,0.0820927637759706,0.0010790399458346922,0.24670279495691894,0.08882735459508151,0.06072897965715749,0.0725364088586402,-0.03302863945907131,0.13684573859256988,0.09684049871513722,0.05141452912624407,0.07495719962087763,-0.04712625394822367,0.1807268872929777,0.030883328402946608,2024-12-05
0.09770528309806363,0.15215108957200515,-0.034568949376149516,0.3853182413607923,0.03773382486639876,0.09175777284095947,0.1041817978560135,-0.10338428511750741,0.17626290919913923,0.13533547073548102,0.0744133956225174,0.11782816621725985,-0.08941541570743883,0.2419816632847982,0.04178613576622836,0.001262546425720501,0.12553740080248457,-0.18287629285973228,0.13143260292231052,0.07158614722993728,0.19776140954935587,0.2662974347636444,-0.11180878612433542,0.6911514984542435,0.1553184253717692,0.022931571352002144,0.13804064401692187,-0.19746207354455558,0.22916141863496242,0.0381482601179286,0.08931225710688762,0.041722191603186916,0.05440884732028528,0.1627656677042768,0.0643316727983343,0.09763924274702043,0.08260172016523004,0.0012491387326103442,0.24655050057338168,0.08501006581118586,0.05600697701532329,0.07283973509315583,-0.04124398820472097,0.13717159181300587,0.0835048173118147,0.04968505457482797,0.06890866536814096,-0.042706223243325736,0.16461577131875327,0.039557253405375414,2024-12-06
0.10483895964030936,0.15493353705397095,-0.03770288239027497,0.389806616822546,0.040757105584372066,0.086218412459289,0.10356395091821152,-0.10663913916160606,0.1773832664150723,0.13023978097731548,0.07423653979339746,0.1187462572415835,-0.0939291511174698,0.24243705075400124,0.043834521838785,-0.0030723522312853914,0.11696979628096188,-0.17709772800046408,0.12803976372582615,0.05087011962810739,0.2003480024812183,0.2562620185174549,-0.10425567647336198,0.6742912398499823,0.15167132303437825,0.025947712766119624,0.13943827640278889,-0.19848915556200564,0.2329611591607621,0.039468752585734235,0.08907997130427744,0.04177731506370729,0.05051429926173823,0.16717150815697468,0.06798901144418634,0.09564247100585821,0.08363992070347614,-0.004813339420594365,0.24518042776910765,0.08127733336419785,0.05782120493102687,0.07180132591873027,-0.031136170467360835,0.13861918418456987,0.0866512435837361,0.04187910956384737,0.07417480906375447,-0.06627492714704308,0.15416395392056548,0.04103664948888275,2024-12-09
0.10932748294621068,0.1512615203418756,-0.02646244783037266,0.3894200568052768,0.04515549673510777,0.09220699583445036,0.11063243959682509,-0.11262571802404786,0.19142931206867697,0.1317945972559591,0.07532931182108005,0.12157394567610891,-0.09396931282554788,0.24596204423262802,0.03923036441514238,0.0002366996536521171,0.12252424550171157,-0.1856781802727775,0.13173299768288937,0.0495697863365403,0.2093886905915287,0.25814105515702734,-0.10900477671060316,0.681128239147275,0.16231988490296634,0.028627647700465886,0.1336287271700435,-0.19081801093872308,0.22356736272219924,0.05591957635426681,0.08952255518593719,0.04247781503143187,0.05504104311298019,0.17003411369434973,0.06844192359379497,0.09506943508919205,0.08166371391712539,-0.012195133664432034,0.23703530543618867,0.0874701408238665,0.0569571755890055,0.06901381547554655,-0.03514569573710791,0.13910322680122666,0.07973359921302037,0.04022273485357679,0.07231105080381621,-0.06121077979427614,0.1571861716832479,0.03634630702222341,2024-12-10
0.11261876331349896,0.1494051516980734,-0.028030245707499235,0.38481297957347027,0.03742217568261674,0.08581919044333756,0.10802253771460489,-0.10460452682616539,0.18658642000114467,0.1404171453963956,0.075462100275911,0.12522960091441818,-0.10264680267920534,0.25623409098787797,0.03480027559118448,0.0073202226705407995,0.11637249829110888,-0.16755266891417364,0.1278444073584104,0.05828233799053373,0.2138161677240599,0.2628459819718308,-0.10646775213980353,0.6964308795537275,0.16917198714177317,0.03181159863341485,0.1307874944472478,-0.17878134725406614,0.22785201274503986,0.04943141838905496,0.08874621221211779,0.04467275667583566,0.044537504649446946,0.16840665887014938,0.06253619738057803,0.09195259309859312,0.08336447961197486,-0.012675396516782067,0.23930502309167867,0.08564142375086603,0.05987259720131519,0.06908943572393272,-0.030105611555104383,0.14669858779454437,0.08592577711961136,0.04168530427332064,0.07709577249054321,-0.06659654898036349,0.16830820512083977,0.03785324086935282,2024-12-11
0.11238025202332128,0.1404784265114528,-0.016184815391319662,0.3715428560323395,0.04062240857974908,0.08754830686510098,0.10564910677658573,-0.09864453658896433,0.18596843720614564,0.14589857854603827,0.07668630790648583,0.12092068541416572,-0.09387546044612993,0.2423023890600393,0.032748670576551175,0.014622488008949098,0.11550992557632633,-0.15261022529890755,0.13821827882463178,0.06605168431348551,0.2152122035391682,0.26702518442173734,-0.10352622325392102,0.7075285804531677,0.16940314129759693,0.03841247197014328,0.13428660013757807,-0.1754404902458676,0.24500553690168103,0.053896715825988206,0.09290886770897795,0.056337677331041176,0.04292787243905005,0.1956435339749123,0.06660962357673972,0.09070340759672113,0.08673645089245137,-0.01698488630070838,0.24385367292121463,0.08466203540727824,0.06207819865124844,0.0755615940711335,-0.040707939600784226,0.15781760668187106,0.0983722714553148,0.03621574812350199,0.0836528056125143,-0.07944521989525966,0.17429145168816218,0.03347847416966876,2024-12-12
0.10568035604207973,0.13802532314710328,-0.015355262365052136,0.36380048958443956,0.03870545776718037,0.09479068033619567,0.10324664449419525,-0.08123977487873035,0.2011108199735947,0.14187296036679786,0.07617573809557945,0.12094194744742849,-0.09362094070262816,0.24679226843146274,0.027573182646045913,0.014631220022803638,0.11476721324159371,-0.14731104369994164,0.13615469805514202,0.06092934455332677,0.20895059693967255,0.26009158902897733,-0.08577653209234715,0.6963676216018371,0.14257782666215912,0.04251798580166406,0.13725343648719424,-0.17885851546345555,0.2518651653255304,0.0478557516348892,0.09191330174564283,0.06087297611374529,0.03171106974614224,0.1975440026405042,0.07454748124179633,0.09405618137179109,0.08824674897861648,-0.013350402290279395,0.25265599549853923,0.08492906872069272,0.06282402629759762,0.07195025615431798,-0.033920264611241535,0.15646463625076135,0.09546206564044946,0.03483797074675719,0.07935220675726991,-0.07072361315007902,0.16493255821919628,0.025494767529482765,2024-12-13
0.09847677383280662,0.13044316626626618,-0.002221430876328756,0.3436192528058053,0.022690705067914374,0.09480268117194268,0.10774742967734925,-0.09743692247410607,0.20427220625226616,0.14592717369080122,0.07842578750654956,0.12758093156824468,-0.10701997106638295,0.24762691880098409,0.03418262064168576,0.01367959155863625,0.10814991379511428,-0.13698689408777498,0.1296847467031279,0.03995286996680125,0.20618941588074247,0.25410752828131483,-0.08912119620981829,0.67760150201879,0.16713140200988152,0.0431142302576365,0.12802332054972543,-0.16901086656326825,0.23114276280172064,0.058350388474431636,0.09000349985896601,0.05666203400593693,0.036378437391045626,0.18849483522338129,0.06933966267280778,0.09231238408693476,0.0829487273957158,-0.007692492285410135,0.24143804046702422,0.0890845271872791,0.06445543288597622,0.07046309792342148,-0.024328588298833664,0.15793434134093398,0.08435779705288149,0.032818463354281735,0.08135071652727094,-0.07471550252808545,0.16522626282878194,0.015091506837421775,2024-12-16
0.10212514077909737,0.1367777922010142,0.002808674837322167,0.36284597445143696,0.01669998864797062,0.09183381322478143,0.11412282261252965,-0.11776792505004519,0.1981424872177493,0.14861900074906464,0.07846904253826299,0.13057576179635316,-0.10716690376757465,0.2575778499120376,0.030431140102483933,0.009469466245934944,0.11622150300967804,-0.14743122361644445,0.1448831195175344,0.01335121570705966,0.20471919366734975,0.2530277382209088,-0.09902097814134514,0.6690210925924085,0.15437626226001533,0.04015881169835811,0.12626051101749242,-0.17291292078736287,0.22074138707430846,0.0614717296445797,0.08305990864191179,0.059947401961272004,0.023711367700359753,0.18583808550097602,0.07131962504658662,0.09535667544057606,0.08248106547258761,-0.006155827359623722,0.24295751172674684,0.09246648849880557,0.06357523625242703,0.07021600889707484,-0.021451716931882747,0.15246199368048718,0.08706572184853623,0.027554758835751536,0.08254345960304889,-0.08089518936172913,0.1594680443928369,0.026407795081725194,2024-12-17
