strategy,total_return_pct,max_drawdown_pct,sharpe_ratio,rebalance_count,total_fees_paid,final_value
classic,7454.658626327937,-0.00255886837018382,1.3713816937197592,9092,79.35394989300562,755465.8626327937
stable,248812.3384306719,-0.024382309742632113,8.784207472316409,4219,1359.2320028842776,24891233.843067188
fluid,390004.83633016533,-0.0070771246176826175,8.602252351015533,9305,7827.646129065334,39010483.633016534
