strategy,total_return_pct,max_drawdown_pct,sharpe_ratio,rebalance_count,total_fees_paid,final_value
classic,105719.86072484028,-0.044931158554240014,7.174363696986958,5886,1455.3470106382872,10581986.072484028
stable,115506.20904596151,-0.027139631659045538,9.580391847320305,4219,623.3669569538924,11560620.904596152
fluid,195523.6808900552,-0.007588437346772725,9.2961246681306,9305,3939.6414292413274,19562368.08900552
