strategy,total_return_pct,max_drawdown_pct,sharpe_ratio,rebalance_count,status
classic,777.1683775022224,0.0,7.982023620644909,123,SUCCESS
channel_multiplier,1182.220343148153,0.0,11.136265846462392,129,SUCCESS
bollinger,311.5200147326358,0.0,5.833700766961035,75,SUCCESS
keltner,142.0616703090329,0.0,5.355381253255374,59,SUCCESS
donchian,235.35702276017685,0.0,5.349735217465955,61,SUCCESS
stable,309.22215191917195,0.0,7.493130419732572,55,SUCCESS
fluid,2046.1275188963832,0.0,10.994329311719014,125,SUCCESS
