strategy,total_return_pct,max_drawdown_pct,sharpe_ratio,rebalance_count,status
classic,10741.477361162928,0.0,4.6072750946760275,400,SUCCESS
channel_multiplier,4.040235039272358e+203,-21.78218839889189,27.03513668782929,2081,SUCCESS
bollinger,1.1756033707526625e+287,-41.33282700259829,13.148421196977878,1604,SUCCESS
keltner,4.086568805451821e+227,-39.246917220398814,16.73340709081334,1639,SUCCESS
donchian,0.0,0.0,0.0,0,FAILED
stable,9533.418057581952,-0.013367962222055052,5.241115347179004,178,SUCCESS
fluid,22315.097513796627,0.0,3.928606273346718,403,SUCCESS
