strategy,total_return_pct,max_drawdown_pct,sharpe_ratio,rebalance_count,status
classic,0.0,0.0,0.0,398,SUCCESS
channel_multiplier,327439.98150278145,0.0,0.935369410778184,440,SUCCESS
bollinger,235618.53872620486,0.0,2.1488465654500106,429,SUCCESS
keltner,224185.55099269532,0.0,2.136676314374838,291,SUCCESS
donchian,306439.1026580006,0.0,2.223995659274068,327,SUCCESS
stable,316537.1685841367,0.0,2.2403034152171264,227,SUCCESS
fluid,327439.98150278145,0.0,0.935369410778184,444,SUCCESS
