strategy,total_return_pct,max_drawdown_pct,sharpe_ratio,rebalance_count,status
classic,327439.98150278145,0.0,0.935369410778184,436,SUCCESS
channel_multiplier,327439.98150278145,0.0,0.935369410778184,440,SUCCESS
bollinger,241676.49361651347,0.0,2.156696550736474,473,SUCCESS
keltner,226034.01423689825,0.0,2.1390429145275887,312,SUCCESS
donchian,308309.4985482466,0.0,2.2259926998747623,360,SUCCESS
stable,316537.1685841367,0.0,2.2403034152171264,227,SUCCESS
fluid,327439.9815027815,0.0,0.9353694107781844,489,SUCCESS
