strategy,total_return_pct,max_drawdown_pct,sharpe_ratio,rebalance_count,has_mdd,status
classic,502858.13915195095,0.0,2.3685980369519166,878,False,SUCCESS
channel_multiplier,384649.96257622895,0.0,3.112121038822514,896,False,SUCCESS
bollinger,289037.20577940915,0.0,3.186544938382523,958,False,SUCCESS
keltner,270804.6287188779,0.0,3.166299763171754,621,False,SUCCESS
donchian,364397.3237545115,0.0,3.19167419978318,627,False,SUCCESS
